order_id,customer_id,restaurant_id,order_datetime,order_status,payment_method,delivery_time_minutes,rating,subtotal,delivery_fee,discount,total_amount
1,284,56,2025-07-08 14:51:00,Rejected,Credit Card,,,794,35,50,779
2,246,45,2025-07-30 13:52:00,Delivered,Credit Card,38,4,2007,40,0,2047
3,67,39,2025-09-15 01:53:00,Delivered,Credit Card,37,3,1590,30,75,1545
4,41,25,2025-04-11 20:35:00,Delivered,Debit Card,57,5,302,40,50,292
5,173,46,2025-01-22 00:05:00,Delivered,Debit Card,59,5,1890,30,50,1870
6,155,37,2025-05-06 21:25:00,Delivered,UPI,62,4,944,40,0,984
7,161,53,2025-06-13 23:55:00,Delivered,Cash,26,,485,35,0,520
8,137,42,2025-05-07 04:06:00,Delivered,Cash,57,2,919,40,20,939
9,256,8,2025-09-12 00:05:00,Cancelled,Cash,,,579,30,0,609
10,26,25,2025-09-11 19:56:00,Delivered,Cash,36,1,1944,35,0,1979
11,24,36,2025-01-27 18:35:00,Delivered,Debit Card,22,4,1125,30,75,1080
12,174,45,2025-07-07 04:12:00,Delivered,Cash,50,1,318,40,20,338
13,77,60,2025-09-21 04:20:00,Cancelled,Debit Card,,,912,30,30,912
14,173,46,2025-09-18 17:31:00,Delivered,Debit Card,48,,1567,30,75,1522
15,14,56,2025-08-31 08:41:00,Delivered,Credit Card,64,4,268,25,0,293
16,294,6,2025-04-08 00:28:00,Delivered,Credit Card,44,4,1076,40,0,1116
17,245,50,2025-07-12 10:11:00,Delivered,Debit Card,52,3,1791,30,0,1821
18,153,32,2025-12-27 06:44:00,Delivered,Debit Card,48,3,1108,25,0,1133
19,22,47,2025-02-10 11:59:00,Delivered,Debit Card,65,2,1033,40,0,1073
20,125,47,2025-12-09 16:14:00,Delivered,UPI,24,4,262,40,0,302
21,209,53,2025-09-01 15:41:00,Delivered,Debit Card,38,1,624,20,0,644
22,214,7,2025-01-19 12:50:00,Delivered,Debit Card,20,5,256,35,50,241
23,279,45,2025-09-10 04:54:00,Delivered,Debit Card,30,,1848,25,0,1873
24,173,22,2025-10-18 21:48:00,Delivered,Cash,45,1,703,30,0,733
25,4,47,2025-07-16 07:28:00,Delivered,Debit Card,37,5,741,30,50,721
26,121,14,2025-12-08 03:29:00,Delivered,Cash,61,3,308,40,0,348
27,113,20,2025-09-02 04:29:00,Delivered,Debit Card,44,4,456,40,75,421
28,42,47,2025-09-28 22:23:00,Delivered,UPI,21,,262,30,75,217
29,267,40,2025-03-01 21:13:00,Delivered,Cash,23,,1486,35,20,1501
30,289,47,2025-10-14 14:43:00,Delivered,UPI,43,1,262,35,0,297
31,33,50,2025-01-31 02:59:00,Delivered,Debit Card,44,2,1538,35,0,1573
32,277,5,2025-12-01 11:07:00,Delivered,Cash,51,2,894,35,50,879
33,279,36,2025-09-30 12:52:00,Delivered,Cash,40,2,423,35,30,428
34,9,31,2025-04-16 02:06:00,Delivered,Cash,56,1,856,35,0,891
35,277,5,2025-01-29 04:32:00,Rejected,Credit Card,,,1499,40,0,1539
36,212,47,2025-05-21 01:35:00,Cancelled,Credit Card,,,1280,35,75,1240
37,269,28,2025-12-23 13:26:00,Delivered,Cash,29,,1231,25,75,1181
38,238,14,2025-10-15 13:26:00,Delivered,Credit Card,42,2,1200,40,50,1190
39,98,2,2025-05-18 12:43:00,Delivered,UPI,22,5,492,30,0,522
40,8,23,2025-04-08 23:07:00,Delivered,Cash,33,2,1720,35,30,1725
41,184,22,2025-05-14 11:32:00,Cancelled,Cash,,,562,25,0,587
42,161,34,2025-01-24 18:55:00,Delivered,Credit Card,19,5,1124,25,20,1129
43,292,29,2025-09-13 17:41:00,Cancelled,Debit Card,,,990,30,0,1020
44,72,48,2025-09-08 05:58:00,Cancelled,UPI,,,1488,20,75,1433
45,4,47,2025-03-12 20:14:00,Delivered,Credit Card,18,4,1280,20,0,1300
46,273,52,2025-07-30 00:01:00,Delivered,Debit Card,52,,189,20,0,209
47,269,21,2025-05-04 06:39:00,Delivered,Debit Card,35,,446,35,30,451
48,125,47,2025-06-03 21:52:00,Delivered,UPI,23,4,1033,20,20,1033
49,223,58,2025-06-19 18:54:00,Rejected,UPI,,,1140,40,20,1160
50,139,10,2025-02-08 21:59:00,Delivered,UPI,29,,1214,35,0,1249
51,154,26,2025-10-16 07:36:00,Delivered,Cash,61,,1644,20,30,1634
52,178,10,2025-02-20 13:14:00,Delivered,Debit Card,56,,1311,35,20,1326
53,117,8,2025-10-11 12:27:00,Delivered,Cash,23,,731,25,20,736
54,79,39,2025-06-12 11:06:00,Delivered,Debit Card,46,3,382,25,20,387
55,230,59,2025-02-22 00:05:00,Delivered,UPI,56,3,1432,20,50,1402
56,287,29,2025-10-20 16:10:00,Delivered,Credit Card,26,3,990,30,20,1000
57,154,59,2025-02-09 11:16:00,Cancelled,Cash,,,191,25,0,216
58,4,47,2025-06-20 19:24:00,Delivered,Debit Card,46,5,494,40,50,484
59,103,47,2025-06-10 05:25:00,Rejected,Debit Card,,,1018,35,0,1053
60,59,54,2025-04-13 18:34:00,Delivered,UPI,64,2,2540,35,0,2575
61,156,5,2025-05-10 21:09:00,Delivered,Cash,22,5,2025,30,50,2005
62,275,60,2025-11-23 02:06:00,Delivered,Debit Card,28,1,437,20,0,457
63,114,45,2025-09-23 17:37:00,Delivered,Credit Card,46,4,159,35,0,194
64,152,43,2025-02-13 03:53:00,Cancelled,Credit Card,,,994,40,20,1014
65,179,19,2025-02-19 14:46:00,Delivered,Debit Card,22,1,1329,20,50,1299
66,85,23,2025-09-22 05:35:00,Delivered,Cash,47,4,969,35,20,984
67,15,53,2025-11-11 06:28:00,Delivered,Cash,18,2,1109,30,0,1139
68,101,34,2025-02-28 08:42:00,Delivered,Debit Card,56,4,856,35,30,861
69,89,53,2025-12-28 09:58:00,Delivered,UPI,61,1,485,25,0,510
70,73,27,2025-07-18 13:38:00,Delivered,Cash,45,5,686,30,0,716
71,96,33,2025-08-19 19:03:00,Delivered,UPI,49,4,1777,35,20,1792
72,86,47,2025-10-17 00:50:00,Delivered,Debit Card,20,5,1527,35,30,1532
73,262,47,2025-10-21 03:17:00,Delivered,Debit Card,52,,741,25,20,746
74,53,9,2025-06-02 01:28:00,Delivered,UPI,46,,434,40,50,424
75,180,53,2025-11-09 20:27:00,Delivered,Credit Card,31,,1455,30,30,1455
76,276,20,2025-06-15 22:18:00,Delivered,Debit Card,50,,304,20,0,324
77,65,26,2025-05-08 04:45:00,Delivered,Credit Card,61,2,807,20,20,807
78,264,55,2025-12-22 11:29:00,Cancelled,Debit Card,,,891,35,50,876
79,184,3,2025-10-01 12:13:00,Rejected,Credit Card,,,1568,40,30,1578
80,67,56,2025-09-06 10:57:00,Delivered,UPI,20,4,397,35,20,412
81,1,38,2025-04-14 22:58:00,Delivered,Debit Card,28,,1372,30,50,1352
82,85,10,2025-07-22 20:19:00,Delivered,Credit Card,45,1,666,20,0,686
83,116,46,2025-12-15 14:00:00,Delivered,Debit Card,25,,630,35,0,665
84,53,6,2025-06-10 11:56:00,Delivered,Cash,26,2,528,25,20,533
85,180,53,2025-04-20 20:47:00,Delivered,Cash,57,2,208,20,30,198
86,197,8,2025-08-08 10:50:00,Delivered,Debit Card,59,5,1000,40,30,1010
87,97,53,2025-07-20 09:41:00,Delivered,Credit Card,49,2,1386,25,20,1391
88,292,43,2025-07-07 17:43:00,Delivered,Cash,22,1,429,20,0,449
89,204,27,2025-05-27 20:45:00,Delivered,Cash,45,1,324,30,0,354
90,262,47,2025-03-21 17:20:00,Delivered,UPI,37,2,262,35,0,297
91,233,46,2025-11-08 01:19:00,Delivered,Credit Card,25,2,614,30,30,614
92,265,53,2025-05-13 05:23:00,Delivered,Debit Card,64,,970,30,30,970
93,33,35,2025-12-31 18:40:00,Delivered,Cash,50,4,347,30,75,302
94,53,49,2025-12-12 23:07:00,Delivered,UPI,20,,318,35,0,353
95,197,5,2025-04-02 01:35:00,Delivered,Cash,32,4,2472,20,30,2462
96,27,4,2025-04-25 16:02:00,Cancelled,UPI,,,470,40,20,490
97,5,47,2025-04-13 09:36:00,Delivered,Credit Card,47,4,262,20,20,262
98,13,23,2025-10-05 11:40:00,Delivered,UPI,39,4,1506,35,20,1521
99,31,20,2025-12-31 08:05:00,Delivered,Credit Card,51,3,942,35,0,977
100,291,3,2025-08-11 21:08:00,Delivered,Debit Card,38,,1568,25,0,1593
101,104,21,2025-10-27 03:09:00,Delivered,Cash,47,1,986,30,75,941
102,62,16,2025-03-22 21:19:00,Delivered,UPI,31,,1995,30,20,2005
103,263,47,2025-12-13 09:16:00,Delivered,Credit Card,19,,771,25,0,796
104,7,14,2025-04-24 04:12:00,Delivered,Debit Card,61,1,677,35,75,637
105,66,15,2025-06-19 03:02:00,Cancelled,UPI,,,1368,35,20,1383
106,16,47,2025-12-16 13:11:00,Delivered,Credit Card,35,2,786,30,20,796
107,211,45,2025-09-03 01:05:00,Delivered,Credit Card,44,5,1020,30,20,1030
108,279,37,2025-06-26 18:32:00,Delivered,Debit Card,29,5,684,20,75,629
109,242,45,2025-07-03 18:14:00,Rejected,UPI,,,1020,40,75,985
110,29,4,2025-10-22 12:22:00,Cancelled,Credit Card,,,546,30,75,501
111,184,46,2025-01-15 22:44:00,Delivered,Credit Card,54,,953,20,0,973
112,120,60,2025-04-23 00:33:00,Delivered,Debit Card,57,2,437,25,30,432
113,73,51,2025-02-26 16:55:00,Delivered,UPI,41,4,532,30,0,562
114,81,36,2025-11-24 15:41:00,Delivered,Debit Card,32,2,633,20,50,603
115,294,36,2025-10-18 01:11:00,Delivered,Credit Card,58,4,1476,20,0,1496
116,178,28,2025-03-27 20:56:00,Rejected,Debit Card,,,508,20,0,528
117,132,6,2025-01-01 01:24:00,Delivered,Cash,28,,1996,20,75,1941
118,246,49,2025-11-30 21:14:00,Delivered,UPI,20,3,1043,35,0,1078
119,39,47,2025-06-23 19:39:00,Cancelled,UPI,,,509,20,0,529
120,106,47,2025-07-29 22:35:00,Delivered,Debit Card,60,2,524,40,30,534
121,252,7,2025-01-28 11:00:00,Delivered,Debit Card,60,4,394,25,0,419
122,150,3,2025-08-31 03:19:00,Delivered,Cash,49,,1051,35,0,1086
123,96,40,2025-01-23 08:28:00,Delivered,Credit Card,35,2,579,30,75,534
124,278,38,2025-10-29 07:35:00,Delivered,Cash,51,5,1372,35,75,1332
125,18,48,2025-10-20 16:51:00,Delivered,Credit Card,25,,711,25,0,736
126,217,1,2025-12-16 13:12:00,Rejected,Credit Card,,,509,40,20,529
127,283,28,2025-05-22 16:29:00,Cancelled,UPI,,,508,40,30,518
128,299,3,2025-02-24 18:49:00,Delivered,Debit Card,52,,1835,40,30,1845
129,243,14,2025-03-30 08:25:00,Delivered,Cash,20,3,1569,35,0,1604
130,191,2,2025-06-22 09:19:00,Delivered,Cash,62,2,1476,35,75,1436
131,165,22,2025-08-02 19:41:00,Delivered,Cash,31,,704,25,0,729
132,160,48,2025-07-26 04:49:00,Delivered,UPI,29,2,496,35,0,531
133,185,53,2025-04-12 08:23:00,Delivered,Cash,58,,416,35,30,421
134,229,5,2025-08-31 18:35:00,Delivered,Credit Card,34,,526,35,0,561
135,84,47,2025-04-24 20:14:00,Delivered,Debit Card,59,1,247,25,30,242
136,5,47,2025-05-10 19:51:00,Cancelled,Debit Card,,,1018,25,20,1023
137,155,45,2025-11-16 12:37:00,Delivered,Debit Card,53,5,828,30,0,858
138,167,22,2025-05-14 20:45:00,Cancelled,Debit Card,,,423,25,0,448
139,207,41,2025-12-15 04:46:00,Delivered,Cash,36,4,1014,40,75,979
140,98,13,2025-04-24 21:34:00,Delivered,Cash,60,3,498,20,20,498
141,66,25,2025-10-14 05:43:00,Cancelled,UPI,,,519,30,20,529
142,170,22,2025-05-14 18:18:00,Delivered,UPI,48,5,281,40,0,321
143,196,45,2025-06-02 13:03:00,Delivered,Credit Card,26,,1179,25,75,1129
144,42,47,2025-06-20 20:11:00,Delivered,UPI,18,2,524,20,0,544
145,223,58,2025-08-08 12:27:00,Rejected,Cash,,,1140,25,50,1115
146,192,2,2025-06-14 16:12:00,Delivered,UPI,58,,984,25,0,1009
147,197,27,2025-10-29 09:10:00,Delivered,UPI,37,,1315,30,20,1325
148,184,4,2025-03-26 12:01:00,Delivered,Credit Card,31,,364,20,20,364
149,131,48,2025-11-16 01:38:00,Rejected,UPI,,,1488,20,20,1488
150,228,47,2025-03-05 17:16:00,Delivered,Credit Card,31,1,1527,30,30,1527
151,71,43,2025-02-23 16:46:00,Delivered,Debit Card,25,,1559,25,0,1584
152,210,8,2025-03-24 01:35:00,Delivered,Credit Card,62,,1000,20,0,1020
153,294,37,2025-03-18 02:49:00,Delivered,UPI,34,4,602,25,75,552
154,21,22,2025-07-04 21:20:00,Delivered,UPI,24,,141,25,0,166
155,184,34,2025-11-15 08:56:00,Delivered,Debit Card,39,4,1900,35,75,1860
156,216,57,2025-03-27 03:08:00,Delivered,UPI,28,5,2417,30,30,2417
157,15,53,2025-03-08 15:58:00,Delivered,Cash,46,3,1594,40,30,1604
158,49,19,2025-12-05 23:15:00,Delivered,Cash,27,,1095,25,30,1090
159,241,40,2025-03-26 02:48:00,Delivered,Credit Card,39,,579,35,20,594
160,121,16,2025-08-24 14:51:00,Delivered,UPI,49,1,2006,20,30,1996
161,282,10,2025-02-16 19:39:00,Delivered,Credit Card,59,3,1096,40,75,1061
162,243,57,2025-07-06 22:28:00,Delivered,Credit Card,18,3,1450,25,75,1400
163,210,1,2025-05-11 19:12:00,Delivered,Cash,31,2,882,40,0,922
164,231,44,2025-12-04 18:32:00,Delivered,Cash,18,1,1977,25,50,1952
165,66,15,2025-07-18 21:38:00,Delivered,Debit Card,50,,1902,30,20,1912
166,69,26,2025-07-31 19:44:00,Cancelled,Debit Card,,,1066,30,50,1046
167,177,53,2025-03-09 22:41:00,Rejected,Credit Card,,,1594,40,30,1604
168,214,45,2025-05-27 13:51:00,Delivered,UPI,19,1,1020,25,0,1045
169,129,26,2025-02-01 22:50:00,Delivered,UPI,40,,867,40,20,887
170,122,45,2025-12-23 09:44:00,Delivered,Cash,42,3,1530,30,0,1560
171,227,29,2025-11-21 22:45:00,Delivered,Credit Card,64,,1298,25,0,1323
172,264,24,2025-07-13 01:27:00,Delivered,Debit Card,26,3,1010,25,0,1035
173,79,33,2025-11-02 01:49:00,Cancelled,Debit Card,,,1948,40,0,1988
174,95,47,2025-09-16 05:26:00,Delivered,Cash,23,2,756,40,30,766
175,244,46,2025-11-29 00:07:00,Delivered,Cash,33,,921,30,20,931
176,59,38,2025-05-12 17:46:00,Delivered,Debit Card,50,,2281,25,0,2306
177,264,24,2025-02-19 05:49:00,Delivered,UPI,58,2,1929,35,50,1914
178,37,57,2025-03-20 00:29:00,Delivered,UPI,23,2,1934,35,20,1949
179,208,39,2025-06-11 00:24:00,Delivered,UPI,59,,1146,20,0,1166
180,258,16,2025-05-29 21:19:00,Delivered,Debit Card,46,1,2017,35,75,1977
181,280,25,2025-11-21 04:19:00,Delivered,Debit Card,18,5,302,20,30,292
182,202,45,2025-10-08 02:19:00,Delivered,Debit Card,31,5,510,25,30,505
183,130,5,2025-02-28 05:42:00,Delivered,UPI,53,5,1578,20,0,1598
184,51,23,2025-10-25 15:21:00,Delivered,Credit Card,24,1,1074,35,0,1109
185,157,54,2025-03-20 18:36:00,Delivered,Debit Card,45,3,1602,35,0,1637
186,185,4,2025-12-14 23:21:00,Delivered,Cash,46,3,978,20,75,923
187,144,20,2025-10-03 06:16:00,Delivered,UPI,64,1,1458,25,0,1483
188,283,25,2025-10-06 17:30:00,Delivered,Credit Card,41,5,2463,20,20,2463
189,187,45,2025-01-06 21:15:00,Delivered,Credit Card,50,2,1530,35,0,1565
190,21,4,2025-09-07 07:04:00,Delivered,Credit Card,20,5,470,20,50,440
191,166,24,2025-12-27 16:40:00,Delivered,Debit Card,55,2,1929,20,30,1919
192,129,59,2025-04-25 16:25:00,Delivered,Debit Card,49,,1050,25,0,1075
193,40,55,2025-04-19 04:11:00,Delivered,UPI,60,3,1449,35,20,1464
194,108,27,2025-03-24 20:53:00,Delivered,Credit Card,20,5,1029,40,0,1069
195,294,7,2025-01-29 05:16:00,Cancelled,Cash,,,128,25,20,133
196,242,37,2025-03-29 07:53:00,Delivered,Credit Card,55,,260,30,20,270
197,36,47,2025-07-13 12:08:00,Delivered,Credit Card,51,,756,40,30,766
198,20,51,2025-09-30 16:48:00,Delivered,Cash,60,5,798,35,0,833
199,23,59,2025-04-28 15:50:00,Delivered,Debit Card,55,,191,30,20,201
200,120,17,2025-05-26 19:56:00,Delivered,Debit Card,30,1,284,25,50,259
201,162,47,2025-07-05 03:09:00,Delivered,Debit Card,34,,1265,25,20,1270
202,283,52,2025-09-05 05:23:00,Delivered,Cash,34,,749,25,20,754
203,83,16,2025-04-20 16:25:00,Delivered,UPI,28,1,992,40,20,1012
204,46,24,2025-05-15 07:23:00,Delivered,UPI,64,4,1424,35,0,1459
205,104,58,2025-09-23 09:12:00,Delivered,Credit Card,57,1,614,30,75,569
206,205,13,2025-12-09 12:25:00,Delivered,UPI,65,1,1253,40,0,1293
207,233,34,2025-10-22 00:16:00,Delivered,UPI,53,3,2328,30,50,2308
208,227,43,2025-10-16 15:49:00,Delivered,Debit Card,47,5,429,30,0,459
209,196,9,2025-12-13 22:14:00,Delivered,Cash,40,1,1034,30,0,1064
210,284,20,2025-09-01 10:22:00,Delivered,Debit Card,29,,1458,25,0,1483
211,124,12,2025-04-16 07:12:00,Delivered,Debit Card,27,,1080,35,30,1085
212,4,47,2025-09-04 11:39:00,Delivered,Debit Card,49,5,1003,20,30,993
213,217,19,2025-10-04 01:32:00,Delivered,Credit Card,47,,1538,25,20,1543
214,298,6,2025-06-16 11:39:00,Delivered,Credit Card,53,3,900,35,0,935
215,215,41,2025-07-06 12:17:00,Delivered,Credit Card,54,1,522,25,75,472
216,77,44,2025-01-05 05:26:00,Delivered,Debit Card,49,5,309,25,0,334
217,111,51,2025-05-11 15:53:00,Delivered,Cash,65,3,1132,20,0,1152
218,102,56,2025-10-22 20:41:00,Delivered,Debit Card,40,5,1727,30,20,1737
219,75,18,2025-11-24 10:26:00,Delivered,Cash,22,3,1090,30,50,1070
220,137,54,2025-11-27 12:17:00,Cancelled,Debit Card,,,1003,25,50,978
221,121,57,2025-05-09 23:44:00,Delivered,Credit Card,28,1,1449,20,0,1469
222,204,27,2025-02-12 03:16:00,Delivered,UPI,59,,1353,30,20,1363
223,65,26,2025-09-27 05:01:00,Delivered,Debit Card,38,,1126,40,0,1166
224,234,58,2025-11-22 18:27:00,Delivered,Debit Card,40,2,468,30,20,478
225,134,20,2025-06-05 00:00:00,Delivered,Credit Card,40,5,972,30,0,1002
226,221,55,2025-11-02 07:50:00,Delivered,Debit Card,30,5,1374,35,75,1334
227,194,4,2025-05-15 02:27:00,Delivered,Debit Card,36,5,326,25,0,351
228,57,59,2025-11-13 14:17:00,Delivered,Cash,30,2,525,20,0,545
229,138,20,2025-08-13 23:00:00,Delivered,Credit Card,18,3,1276,20,0,1296
230,42,47,2025-01-29 08:49:00,Delivered,Cash,29,3,1033,35,75,993
231,227,29,2025-01-18 06:29:00,Delivered,UPI,51,2,990,20,50,960
232,282,52,2025-03-04 08:30:00,Delivered,Credit Card,41,,182,35,0,217
233,8,21,2025-05-22 18:07:00,Delivered,Credit Card,18,,493,25,20,498
234,47,57,2025-11-13 10:59:00,Rejected,UPI,,,1449,25,50,1424
235,275,17,2025-03-06 15:14:00,Delivered,Debit Card,46,,600,25,0,625
236,21,34,2025-12-28 14:35:00,Delivered,Cash,30,5,1900,40,0,1940
237,36,47,2025-08-19 09:52:00,Delivered,Debit Card,47,5,1280,40,0,1320
238,165,53,2025-02-02 21:34:00,Delivered,Credit Card,51,5,970,35,50,955
239,165,3,2025-02-19 16:42:00,Delivered,Credit Card,29,,1034,25,0,1059
240,17,47,2025-12-03 15:33:00,Delivered,Debit Card,21,5,262,35,75,222
241,41,42,2025-11-24 01:23:00,Delivered,Cash,41,,915,20,50,885
242,37,32,2025-02-09 06:33:00,Delivered,Credit Card,52,2,810,40,20,830
243,55,51,2025-11-23 18:22:00,Delivered,Cash,24,2,2097,35,0,2132
244,162,47,2025-07-10 13:48:00,Delivered,Debit Card,56,5,741,30,0,771
245,232,34,2025-07-23 00:46:00,Delivered,Debit Card,56,2,776,30,0,806
246,142,47,2025-02-18 01:29:00,Delivered,Credit Card,34,5,524,30,0,554
247,293,59,2025-10-19 06:46:00,Delivered,Debit Card,48,5,191,40,20,211
248,41,10,2025-06-21 11:56:00,Delivered,Cash,25,,999,35,0,1034
249,157,52,2025-01-22 10:34:00,Delivered,Debit Card,50,2,378,40,30,388
250,259,16,2025-04-24 13:18:00,Delivered,Credit Card,26,4,1014,20,20,1014
251,257,39,2025-12-24 04:48:00,Delivered,Credit Card,49,5,382,20,0,402
252,221,55,2025-12-17 18:05:00,Delivered,Cash,45,2,1263,30,30,1263
253,227,60,2025-03-16 14:02:00,Cancelled,Credit Card,,,304,20,0,324
254,28,4,2025-11-14 04:55:00,Delivered,Debit Card,18,1,508,25,50,483
255,276,31,2025-04-15 17:33:00,Delivered,Cash,57,,856,40,50,846
256,270,10,2025-05-11 05:03:00,Delivered,Debit Card,21,1,645,30,50,625
257,185,3,2025-01-10 09:55:00,Cancelled,Cash,,,801,20,0,821
258,249,56,2025-09-30 02:11:00,Delivered,Cash,53,,397,40,0,437
259,171,37,2025-07-21 23:10:00,Delivered,Debit Card,40,2,944,40,0,984
260,116,4,2025-06-24 12:42:00,Delivered,Cash,51,,144,40,0,184
261,219,32,2025-11-06 10:28:00,Delivered,Credit Card,59,5,540,40,0,580
262,221,26,2025-12-02 18:58:00,Delivered,UPI,53,1,259,20,75,204
263,164,34,2025-07-30 09:28:00,Delivered,Debit Card,27,,348,20,75,293
264,137,54,2025-10-18 19:14:00,Delivered,Credit Card,61,1,3009,30,0,3039
265,199,47,2025-08-31 04:10:00,Delivered,UPI,44,,494,25,50,469
266,104,23,2025-02-03 05:59:00,Cancelled,Cash,,,1183,35,75,1143
267,22,47,2025-06-10 12:39:00,Cancelled,UPI,,,494,20,0,514
268,266,50,2025-07-22 23:02:00,Delivered,UPI,30,4,1285,30,30,1285
269,28,53,2025-09-22 04:29:00,Delivered,Cash,23,,624,40,0,664
270,202,36,2025-06-15 14:01:00,Delivered,Credit Card,47,3,141,20,50,111
271,231,41,2025-02-13 16:45:00,Delivered,Credit Card,42,1,462,25,0,487
272,75,18,2025-12-31 01:26:00,Delivered,Cash,36,1,209,40,75,174
273,130,1,2025-08-23 15:54:00,Delivered,UPI,56,,387,35,20,402
274,210,19,2025-02-10 19:38:00,Delivered,Debit Card,57,2,365,20,50,335
275,179,1,2025-03-16 01:42:00,Delivered,Debit Card,39,,258,25,0,283
276,146,56,2025-12-05 22:44:00,Delivered,Credit Card,47,,1330,30,20,1340
277,35,36,2025-10-09 02:18:00,Delivered,UPI,62,,1617,40,0,1657
278,56,24,2025-09-05 23:44:00,Delivered,Debit Card,45,3,1929,35,30,1934
279,255,37,2025-04-03 19:14:00,Delivered,Credit Card,18,4,1026,35,20,1041
280,24,13,2025-06-29 17:51:00,Delivered,UPI,58,3,2004,40,0,2044
281,4,47,2025-12-18 10:21:00,Delivered,UPI,29,3,1003,35,0,1038
282,236,45,2025-06-21 14:50:00,Delivered,UPI,51,3,1530,30,75,1485
283,182,47,2025-03-18 08:53:00,Delivered,Cash,58,2,1265,30,50,1245
284,17,47,2025-07-31 02:31:00,Delivered,Debit Card,46,,509,30,75,464
285,20,51,2025-04-14 02:28:00,Delivered,Cash,50,3,699,40,50,689
286,68,29,2025-01-19 14:24:00,Delivered,UPI,18,1,616,20,0,636
287,267,57,2025-06-09 00:36:00,Delivered,Credit Card,38,3,1933,30,0,1963
288,81,12,2025-02-28 00:39:00,Delivered,UPI,31,5,1146,40,0,1186
289,88,6,2025-06-09 19:57:00,Delivered,Cash,21,4,352,20,0,372
290,219,39,2025-04-02 22:38:00,Cancelled,Cash,,,1676,40,0,1716
291,239,46,2025-03-09 02:52:00,Delivered,Cash,24,4,1276,30,0,1306
292,201,47,2025-12-25 21:21:00,Delivered,Debit Card,47,1,1018,25,0,1043
293,179,27,2025-10-22 04:32:00,Delivered,UPI,38,1,1658,25,30,1653
294,125,47,2025-09-04 12:04:00,Delivered,Cash,45,3,786,20,50,756
295,294,37,2025-02-28 18:38:00,Delivered,UPI,46,4,1026,40,75,991
296,195,28,2025-09-11 20:42:00,Delivered,Credit Card,26,,879,25,20,884
297,273,25,2025-07-19 19:36:00,Delivered,Credit Card,61,,2161,20,30,2151
298,5,47,2025-03-07 09:03:00,Delivered,UPI,18,3,247,25,20,252
299,202,13,2025-12-31 12:25:00,Delivered,Credit Card,60,2,1004,35,0,1039
300,148,51,2025-12-10 04:08:00,Delivered,UPI,27,,699,35,75,659
301,234,54,2025-08-06 19:11:00,Delivered,Cash,53,,1537,40,0,1577
302,296,42,2025-05-02 22:32:00,Delivered,Debit Card,20,,1529,20,0,1549
303,270,25,2025-08-27 16:05:00,Delivered,UPI,33,1,1425,35,20,1440
304,263,47,2025-10-21 23:21:00,Delivered,Debit Card,36,5,1265,40,0,1305
305,294,2,2025-12-03 09:51:00,Delivered,UPI,36,2,984,25,30,979
306,144,32,2025-05-12 00:47:00,Delivered,Credit Card,55,,1378,25,20,1383
307,93,52,2025-01-17 10:05:00,Rejected,Credit Card,,,735,35,50,720
308,86,47,2025-10-23 23:53:00,Delivered,Debit Card,25,4,1280,40,0,1320
309,195,58,2025-12-28 12:30:00,Delivered,Cash,18,4,1374,30,75,1329
310,222,46,2025-11-30 08:21:00,Delivered,UPI,34,4,1567,25,0,1592
311,281,3,2025-12-11 00:53:00,Delivered,Cash,24,4,1301,20,0,1321
312,48,1,2025-11-01 21:57:00,Delivered,UPI,63,,258,40,75,223
313,95,47,2025-12-23 05:16:00,Delivered,UPI,58,3,509,30,75,464
314,32,38,2025-07-18 10:03:00,Delivered,Debit Card,29,4,446,35,0,481
315,74,45,2025-08-09 06:39:00,Delivered,Cash,63,1,1530,30,75,1485
316,229,1,2025-09-12 04:41:00,Delivered,UPI,60,2,1140,35,20,1155
317,224,34,2025-02-05 17:14:00,Delivered,Cash,25,3,1472,20,0,1492
318,274,28,2025-02-11 14:48:00,Delivered,Credit Card,29,4,645,35,0,680
319,184,34,2025-02-13 20:28:00,Delivered,Credit Card,20,5,856,20,75,801
320,277,30,2025-06-07 15:34:00,Rejected,Cash,,,984,20,0,1004
321,22,47,2025-03-02 06:51:00,Delivered,Cash,61,,262,20,50,232
322,73,19,2025-12-01 00:30:00,Cancelled,UPI,,,365,25,50,340
323,26,25,2025-02-19 14:39:00,Delivered,UPI,24,5,302,35,0,337
324,206,41,2025-03-03 21:36:00,Delivered,Debit Card,31,,154,20,0,174
325,73,51,2025-08-01 05:44:00,Delivered,Credit Card,46,5,433,40,20,453
326,81,2,2025-09-07 02:00:00,Delivered,UPI,63,3,892,30,30,892
327,231,43,2025-05-03 05:39:00,Delivered,Credit Card,63,1,837,25,0,862
328,61,24,2025-11-13 11:55:00,Delivered,Credit Card,47,,505,25,0,530
329,77,44,2025-09-12 05:10:00,Delivered,UPI,21,3,618,30,30,618
330,233,3,2025-02-23 23:03:00,Cancelled,Credit Card,,,1034,40,0,1074
331,37,31,2025-08-16 18:37:00,Delivered,Credit Card,65,3,856,25,0,881
332,122,36,2025-04-13 12:57:00,Delivered,Cash,55,4,423,35,0,458
333,199,47,2025-03-11 14:46:00,Delivered,Debit Card,35,2,524,25,0,549
334,239,34,2025-08-03 05:48:00,Delivered,Debit Card,56,5,348,35,75,308
335,268,44,2025-04-21 18:30:00,Delivered,Debit Card,18,,700,35,30,705
336,114,49,2025-03-18 18:57:00,Delivered,UPI,20,,1221,35,20,1236
337,51,42,2025-09-11 07:05:00,Delivered,UPI,62,,614,30,0,644
338,47,14,2025-09-03 21:19:00,Delivered,Cash,54,,308,25,75,258
339,208,20,2025-07-09 20:29:00,Delivered,UPI,58,3,972,30,50,952
340,278,54,2025-04-17 21:05:00,Delivered,Debit Card,65,,2006,35,30,2011
341,21,22,2025-07-07 05:41:00,Delivered,UPI,53,2,281,40,0,321
342,245,60,2025-12-26 06:48:00,Delivered,Credit Card,38,3,570,30,20,580
343,249,48,2025-09-27 03:30:00,Delivered,Debit Card,46,1,215,20,20,215
344,92,32,2025-02-09 03:10:00,Delivered,Credit Card,49,2,568,40,0,608
345,243,33,2025-08-04 14:47:00,Delivered,Debit Card,30,2,2235,30,20,2245
346,272,59,2025-08-23 09:36:00,Delivered,Debit Card,28,,382,30,75,337
347,25,5,2025-06-30 09:29:00,Cancelled,Credit Card,,,2919,25,0,2944
348,122,6,2025-01-22 10:36:00,Delivered,Debit Card,41,5,1096,25,0,1121
349,230,26,2025-10-01 09:07:00,Cancelled,Cash,,,837,20,50,807
350,280,52,2025-06-19 20:45:00,Delivered,Debit Card,54,5,931,20,0,951
351,283,15,2025-06-07 00:25:00,Delivered,Credit Card,46,3,1485,40,0,1525
352,143,23,2025-01-12 02:34:00,Delivered,UPI,50,4,1183,35,0,1218
353,198,33,2025-01-07 09:22:00,Delivered,Cash,53,4,1319,35,50,1304
354,213,26,2025-10-28 19:05:00,Delivered,Debit Card,48,,548,35,50,533
355,140,59,2025-03-31 17:29:00,Delivered,Credit Card,30,4,1957,30,20,1967
356,287,44,2025-04-25 00:50:00,Delivered,Debit Card,37,,1009,35,50,994
357,126,1,2025-03-03 08:31:00,Rejected,UPI,,,889,35,50,874
358,62,33,2025-09-20 23:36:00,Delivered,Debit Card,28,2,1203,20,0,1223
359,185,34,2025-11-22 11:03:00,Delivered,UPI,50,2,1044,30,75,999
360,162,47,2025-05-19 21:44:00,Delivered,UPI,52,2,786,30,0,816
361,249,39,2025-06-24 05:06:00,Delivered,Credit Card,30,,1060,20,0,1080
362,68,11,2025-09-03 11:19:00,Delivered,Credit Card,46,,766,20,0,786
363,66,21,2025-12-19 07:19:00,Delivered,Credit Card,23,1,540,35,0,575
364,101,3,2025-01-17 21:32:00,Delivered,Cash,25,,1034,20,75,979
365,50,15,2025-11-05 06:37:00,Cancelled,Credit Card,,,1863,30,30,1863
366,179,8,2025-03-24 16:49:00,Delivered,Credit Card,50,1,579,25,0,604
367,88,45,2025-01-03 23:06:00,Cancelled,Cash,,,1689,25,75,1639
368,182,47,2025-08-06 06:32:00,Delivered,UPI,38,1,494,30,30,494
369,21,3,2025-06-17 15:07:00,Delivered,Cash,56,,1568,25,75,1518
370,36,47,2025-12-14 11:11:00,Delivered,Cash,61,4,262,35,20,277
371,53,7,2025-02-03 11:12:00,Delivered,Cash,25,4,1172,30,20,1182
372,208,40,2025-09-19 08:09:00,Delivered,UPI,25,4,193,20,50,163
373,28,3,2025-09-13 21:01:00,Rejected,Cash,,,2352,20,75,2297
374,40,59,2025-08-27 06:18:00,Delivered,Cash,50,3,1050,20,20,1050
375,231,41,2025-07-12 14:29:00,Delivered,Credit Card,53,3,308,25,0,333
376,200,19,2025-02-26 18:43:00,Delivered,Cash,48,2,886,35,30,891
377,194,46,2025-12-13 11:49:00,Rejected,Debit Card,,,921,20,0,941
378,188,28,2025-10-26 00:48:00,Cancelled,Debit Card,,,1016,35,0,1051
379,29,53,2025-05-06 07:15:00,Delivered,UPI,62,3,485,20,30,475
380,167,3,2025-08-24 21:55:00,Delivered,Cash,35,4,534,40,20,554
381,166,24,2025-09-08 03:44:00,Delivered,Debit Card,49,3,1010,35,0,1045
382,255,6,2025-10-02 06:18:00,Delivered,Debit Card,54,2,528,30,0,558
383,35,49,2025-09-29 15:27:00,Delivered,UPI,59,,1043,35,0,1078
384,264,59,2025-12-10 17:11:00,Cancelled,Credit Card,,,1623,40,75,1588
385,223,54,2025-11-17 01:33:00,Delivered,Cash,27,3,2071,25,75,2021
386,212,47,2025-05-27 20:10:00,Delivered,Credit Card,43,2,262,30,20,272
387,249,48,2025-08-12 13:41:00,Cancelled,Credit Card,,,215,20,0,235
388,143,58,2025-10-09 05:41:00,Delivered,Cash,19,1,1228,20,20,1228
389,72,31,2025-02-27 18:47:00,Delivered,UPI,51,5,1825,20,75,1770
390,161,22,2025-10-27 23:24:00,Delivered,Credit Card,45,1,282,35,20,297
391,131,56,2025-01-29 15:34:00,Delivered,UPI,38,4,268,30,20,278
392,189,55,2025-01-11 20:57:00,Delivered,UPI,62,,1449,35,0,1484
393,186,51,2025-12-17 03:34:00,Delivered,Cash,42,4,1132,25,75,1082
394,83,40,2025-11-20 10:56:00,Delivered,Cash,20,1,1441,35,75,1401
395,52,51,2025-03-24 22:16:00,Delivered,Debit Card,44,5,1565,25,50,1540
396,228,47,2025-01-02 12:12:00,Delivered,Debit Card,54,2,786,35,75,746
397,164,34,2025-09-02 23:08:00,Delivered,Debit Card,36,4,1980,25,0,2005
398,12,47,2025-02-15 14:12:00,Delivered,Credit Card,21,4,771,40,0,811
399,8,52,2025-08-11 14:52:00,Delivered,UPI,32,2,560,35,75,520
400,106,47,2025-05-25 23:43:00,Delivered,Credit Card,44,,494,25,30,489
401,231,29,2025-07-09 18:43:00,Delivered,UPI,18,3,1738,40,0,1778
402,38,47,2025-10-13 01:03:00,Delivered,Credit Card,48,,524,40,30,534
403,196,12,2025-07-22 21:23:00,Delivered,UPI,55,2,502,30,50,482
404,272,59,2025-03-14 08:07:00,Delivered,Credit Card,49,,1432,40,75,1397
405,136,50,2025-06-10 13:57:00,Delivered,Cash,27,4,516,20,0,536
406,94,24,2025-08-29 08:10:00,Delivered,Cash,25,,1791,40,20,1811
407,235,34,2025-02-27 23:55:00,Delivered,Debit Card,23,3,1044,40,75,1009
408,140,26,2025-10-26 00:33:00,Delivered,Credit Card,44,,777,20,0,797
409,14,32,2025-12-15 21:07:00,Delivered,UPI,38,1,1392,40,50,1382
410,3,28,2025-01-23 20:39:00,Cancelled,Debit Card,,,293,30,0,323
411,29,53,2025-02-06 17:38:00,Delivered,Cash,34,4,208,25,20,213
412,207,35,2025-11-28 20:09:00,Delivered,Cash,45,,1766,30,30,1766
413,103,47,2025-08-17 12:30:00,Delivered,Cash,23,,1280,20,0,1300
414,263,47,2025-08-26 21:14:00,Delivered,Credit Card,49,5,494,35,0,529
415,245,35,2025-03-18 04:43:00,Cancelled,Credit Card,,,1514,20,30,1504
416,56,59,2025-07-31 03:29:00,Delivered,Debit Card,40,1,1575,35,0,1610
417,94,59,2025-01-24 02:26:00,Delivered,Debit Card,38,4,716,25,0,741
418,133,51,2025-12-11 03:27:00,Delivered,UPI,43,2,2097,40,50,2087
419,250,55,2025-11-13 19:23:00,Delivered,Cash,37,2,297,20,50,267
420,97,3,2025-04-18 15:41:00,Delivered,Credit Card,45,,1034,35,0,1069
421,243,39,2025-01-12 03:10:00,Cancelled,Cash,,,2206,25,0,2231
422,151,49,2025-07-20 01:21:00,Delivered,Cash,44,,1450,40,30,1460
423,250,26,2025-02-01 16:01:00,Delivered,Debit Card,53,4,1644,30,20,1654
424,224,3,2025-03-24 09:46:00,Delivered,Debit Card,46,2,2085,35,20,2100
425,185,34,2025-03-24 19:13:00,Delivered,UPI,60,2,1044,35,0,1079
426,213,59,2025-06-05 07:13:00,Delivered,UPI,40,,1766,20,0,1786
427,221,24,2025-11-13 07:07:00,Delivered,Cash,34,,1653,40,30,1663
428,54,53,2025-01-26 14:51:00,Delivered,UPI,24,,624,20,0,644
429,61,26,2025-07-05 05:46:00,Delivered,Cash,50,1,518,25,0,543
430,104,42,2025-08-01 00:15:00,Delivered,Cash,39,2,610,35,0,645
431,126,5,2025-09-29 13:50:00,Delivered,Cash,44,,1499,20,50,1469
432,265,3,2025-02-13 10:20:00,Delivered,Credit Card,45,1,1551,40,0,1591
433,215,43,2025-12-15 22:35:00,Delivered,Debit Card,40,3,858,25,30,853
434,227,41,2025-11-29 12:49:00,Delivered,Debit Card,23,3,338,40,30,348
435,160,48,2025-06-24 20:10:00,Delivered,Debit Card,33,,1141,30,0,1171
436,260,28,2025-03-05 01:48:00,Delivered,UPI,46,1,1524,40,50,1514
437,274,54,2025-04-30 11:19:00,Delivered,Credit Card,63,2,1407,40,0,1447
438,185,34,2025-02-20 04:45:00,Delivered,Cash,23,4,428,35,0,463
439,190,30,2025-09-27 12:37:00,Delivered,Cash,34,4,829,40,0,869
440,249,40,2025-03-08 22:32:00,Delivered,UPI,62,4,579,30,0,609
441,210,1,2025-03-03 11:36:00,Delivered,Credit Card,25,3,380,25,75,330
442,216,14,2025-06-06 09:13:00,Delivered,Cash,18,3,1046,35,30,1051
443,159,27,2025-08-20 10:50:00,Delivered,Credit Card,26,4,1658,20,75,1603
444,210,19,2025-04-30 12:21:00,Delivered,Cash,65,1,1095,30,30,1095
445,64,53,2025-10-14 02:12:00,Cancelled,UPI,,,1455,20,0,1475
446,273,21,2025-01-10 08:50:00,Delivered,Cash,23,,716,30,20,726
447,93,38,2025-01-13 16:20:00,Delivered,UPI,25,,446,25,0,471
448,46,26,2025-06-07 13:43:00,Delivered,Debit Card,29,1,807,35,0,842
449,133,19,2025-03-03 01:12:00,Delivered,Credit Card,49,5,1251,35,30,1256
450,209,3,2025-09-05 00:26:00,Delivered,UPI,35,5,1551,25,0,1576
451,291,34,2025-08-17 02:54:00,Delivered,Credit Card,27,2,1284,35,0,1319
452,1,42,2025-11-14 09:41:00,Rejected,UPI,,,610,40,0,650
453,195,28,2025-11-20 06:37:00,Delivered,Debit Card,20,5,215,35,50,200
454,63,20,2025-10-12 08:56:00,Delivered,Debit Card,61,,942,30,0,972
455,108,19,2025-11-03 10:01:00,Cancelled,Credit Card,,,443,20,50,413
456,89,34,2025-10-12 22:45:00,Delivered,Cash,52,1,1284,20,0,1304
457,193,60,2025-07-03 12:11:00,Delivered,UPI,25,2,703,30,50,683
458,184,4,2025-02-16 19:40:00,Delivered,Credit Card,32,,796,40,0,836
459,4,47,2025-11-23 12:07:00,Delivered,Cash,28,5,786,25,50,761
460,34,18,2025-05-13 18:54:00,Delivered,Debit Card,30,,1635,40,20,1655
461,2,47,2025-11-25 21:41:00,Delivered,Debit Card,45,,1527,35,20,1542
462,186,27,2025-01-23 23:14:00,Delivered,Cash,52,1,1315,20,50,1285
463,116,53,2025-08-05 02:58:00,Delivered,Credit Card,39,1,970,20,30,960
464,172,55,2025-05-07 03:30:00,Delivered,Debit Card,21,,891,40,20,911
465,49,30,2025-08-17 18:07:00,Delivered,UPI,20,1,984,20,0,1004
466,222,3,2025-02-22 21:03:00,Delivered,Debit Card,42,5,1568,35,75,1528
467,220,49,2025-11-14 03:21:00,Delivered,UPI,47,5,318,20,30,308
468,35,49,2025-04-10 18:08:00,Delivered,Debit Card,40,5,725,20,0,745
469,160,56,2025-08-12 16:41:00,Delivered,Debit Card,55,,794,30,30,794
470,176,55,2025-07-08 00:33:00,Delivered,Credit Card,21,5,966,25,0,991
471,104,15,2025-06-24 06:42:00,Delivered,Cash,56,5,1407,20,20,1407
472,22,47,2025-04-23 00:40:00,Delivered,Credit Card,47,2,771,25,75,721
473,4,47,2025-01-06 02:22:00,Delivered,UPI,27,2,509,30,0,539
474,113,32,2025-03-31 10:54:00,Delivered,Credit Card,30,3,810,25,20,815
475,57,55,2025-04-18 09:29:00,Delivered,Debit Card,60,5,780,25,0,805
476,273,38,2025-12-22 11:20:00,Delivered,Credit Card,20,,446,30,0,476
477,28,53,2025-05-24 04:54:00,Delivered,Cash,31,,1594,40,0,1634
478,256,27,2025-08-26 05:20:00,Delivered,Cash,63,,2001,20,0,2021
479,113,31,2025-08-20 07:25:00,Delivered,Cash,42,3,1510,35,30,1515
480,181,4,2025-10-26 01:29:00,Delivered,Debit Card,45,4,652,35,0,687
481,92,40,2025-04-30 08:41:00,Delivered,UPI,36,,431,20,0,451
482,37,33,2025-01-20 17:12:00,Delivered,Debit Card,34,3,861,40,0,901
483,5,47,2025-05-25 11:50:00,Rejected,Cash,,,741,40,75,706
484,77,43,2025-04-27 07:46:00,Delivered,Cash,32,5,701,25,20,706
485,214,9,2025-08-13 14:54:00,Delivered,Debit Card,26,2,1902,30,0,1932
486,215,43,2025-12-18 12:48:00,Delivered,Debit Card,38,5,136,30,30,136
487,294,36,2025-07-15 06:25:00,Delivered,Cash,30,3,633,40,0,673
488,17,47,2025-01-14 05:12:00,Delivered,Cash,36,3,247,30,30,247
489,6,4,2025-06-17 13:25:00,Delivered,UPI,26,4,144,25,75,94
490,106,47,2025-08-10 22:42:00,Delivered,Debit Card,55,4,756,20,75,701
491,205,49,2025-05-07 16:21:00,Cancelled,Cash,,,1539,30,50,1519
492,234,28,2025-12-25 22:50:00,Delivered,Credit Card,44,5,938,40,0,978
493,202,2,2025-05-03 05:17:00,Cancelled,Debit Card,,,800,35,75,760
494,284,16,2025-07-08 02:48:00,Delivered,Debit Card,44,3,992,20,0,1012
495,237,59,2025-06-25 23:25:00,Delivered,Cash,20,1,573,35,20,588
496,237,24,2025-02-12 17:42:00,Delivered,Cash,26,3,138,40,0,178
497,91,22,2025-03-05 17:47:00,Delivered,UPI,60,,563,25,50,538
498,18,57,2025-09-30 06:28:00,Delivered,UPI,42,4,484,35,75,444
499,104,23,2025-07-11 07:12:00,Delivered,Cash,19,,860,25,50,835
500,86,47,2025-08-01 16:06:00,Delivered,Debit Card,53,5,494,20,0,514
501,110,24,2025-07-02 10:11:00,Delivered,Debit Card,18,4,414,30,50,394
502,189,24,2025-02-04 06:26:00,Delivered,Cash,24,5,505,40,0,545
503,199,47,2025-06-20 05:40:00,Delivered,Debit Card,60,3,494,40,50,484
504,120,50,2025-10-28 22:00:00,Delivered,UPI,37,4,516,25,0,541
505,256,8,2025-04-14 04:24:00,Delivered,UPI,33,,924,20,30,914
506,213,55,2025-01-13 07:54:00,Delivered,Debit Card,33,1,891,35,30,896
507,165,4,2025-08-15 20:00:00,Delivered,Cash,22,,182,25,0,207
508,89,46,2025-10-09 06:15:00,Delivered,Cash,64,2,614,25,30,609
509,128,55,2025-05-27 18:28:00,Rejected,Credit Card,,,1560,35,0,1595
510,242,37,2025-08-05 16:39:00,Delivered,Credit Card,48,4,1806,25,30,1801
511,90,32,2025-07-14 14:19:00,Delivered,Cash,53,1,554,25,0,579
512,7,48,2025-07-11 15:25:00,Cancelled,Cash,,,1918,40,0,1958
513,210,1,2025-03-05 12:59:00,Delivered,Credit Card,45,,882,35,20,897
514,127,9,2025-09-02 01:58:00,Delivered,UPI,62,2,1034,40,30,1044
515,83,14,2025-03-01 02:41:00,Delivered,Cash,43,1,154,35,0,189
516,155,45,2025-09-30 21:56:00,Delivered,Debit Card,64,1,159,30,50,139
517,108,30,2025-07-23 22:19:00,Delivered,Credit Card,49,1,1995,25,0,2020
518,192,7,2025-12-27 04:12:00,Delivered,UPI,46,2,394,25,75,344
519,99,12,2025-07-29 14:40:00,Cancelled,UPI,,,720,20,20,720
520,64,22,2025-02-02 10:01:00,Delivered,Cash,49,1,282,20,50,252
521,299,3,2025-02-19 06:33:00,Delivered,Cash,56,3,1835,30,0,1865
522,176,55,2025-05-03 11:42:00,Delivered,UPI,40,,594,35,50,579
523,72,14,2025-11-05 03:55:00,Delivered,Credit Card,41,4,1877,20,50,1847
524,185,3,2025-06-16 21:28:00,Delivered,Cash,43,,534,35,50,519
525,52,30,2025-07-17 09:38:00,Delivered,Credit Card,51,,984,20,0,1004
526,281,34,2025-03-28 14:07:00,Delivered,Credit Card,33,1,1284,20,0,1304
527,168,38,2025-05-24 07:46:00,Delivered,Cash,60,2,1801,40,0,1841
528,176,59,2025-07-15 20:41:00,Delivered,Cash,32,1,907,40,0,947
529,60,49,2025-07-08 04:54:00,Delivered,Cash,54,,1450,30,75,1405
530,187,7,2025-09-24 21:38:00,Delivered,UPI,43,4,650,35,0,685
531,146,20,2025-12-07 22:02:00,Delivered,Debit Card,50,,1458,40,20,1478
532,111,19,2025-05-30 22:24:00,Delivered,Debit Card,27,,1095,20,75,1040
533,92,40,2025-07-20 09:52:00,Delivered,Credit Card,19,3,1248,20,30,1238
534,145,55,2025-12-23 06:44:00,Delivered,Cash,24,5,966,25,30,961
535,71,44,2025-12-23 15:18:00,Cancelled,Credit Card,,,1050,20,0,1070
536,295,16,2025-12-14 04:24:00,Cancelled,Cash,,,496,30,20,506
537,92,14,2025-03-02 16:41:00,Delivered,Cash,27,4,523,25,20,528
538,251,25,2025-12-19 19:11:00,Delivered,Cash,62,,1557,35,0,1592
539,228,47,2025-01-06 03:07:00,Delivered,Cash,59,5,786,40,30,796
540,246,12,2025-12-22 23:06:00,Delivered,Credit Card,42,4,862,40,0,902
541,208,14,2025-07-21 17:52:00,Delivered,Cash,22,5,1569,20,0,1589
542,93,10,2025-10-12 14:51:00,Delivered,UPI,26,2,215,20,0,235
543,260,25,2025-07-06 17:10:00,Delivered,UPI,33,5,2161,30,30,2161
544,181,46,2025-10-03 16:13:00,Delivered,UPI,33,2,1890,25,30,1885
545,184,22,2025-03-07 23:39:00,Delivered,Debit Card,34,2,985,35,50,970
546,74,45,2025-04-15 02:40:00,Delivered,Credit Card,63,5,159,30,75,114
547,223,38,2025-01-14 19:15:00,Delivered,UPI,52,5,1835,30,0,1865
548,140,26,2025-04-26 08:00:00,Delivered,Credit Card,42,,867,30,30,867
549,251,15,2025-09-28 11:44:00,Delivered,Debit Card,53,1,990,35,0,1025
550,177,53,2025-12-14 17:35:00,Delivered,Cash,48,3,624,25,0,649
551,194,46,2025-05-17 01:58:00,Delivered,Debit Card,63,,1260,35,30,1265
552,147,35,2025-08-08 16:45:00,Cancelled,Credit Card,,,1640,20,50,1610
553,41,15,2025-05-03 02:10:00,Delivered,UPI,65,4,1368,40,50,1358
554,70,34,2025-09-12 16:43:00,Rejected,UPI,,,1472,35,50,1457
555,274,28,2025-05-06 23:42:00,Cancelled,UPI,,,508,30,75,463
556,69,55,2025-01-27 13:31:00,Delivered,Debit Card,25,2,966,35,0,1001
557,136,29,2025-01-02 23:40:00,Delivered,Credit Card,37,,924,35,0,959
558,183,10,2025-11-12 14:21:00,Delivered,UPI,18,2,881,35,0,916
559,44,47,2025-07-30 03:58:00,Delivered,Credit Card,60,4,1018,25,30,1013
560,138,16,2025-08-13 21:53:00,Delivered,Credit Card,40,,1521,25,0,1546
561,98,12,2025-01-21 04:25:00,Delivered,Debit Card,20,2,1004,40,20,1024
562,66,28,2025-07-24 16:46:00,Cancelled,Cash,,,293,20,0,313
563,80,47,2025-09-14 00:49:00,Delivered,UPI,61,,1018,30,20,1028
564,43,51,2025-08-08 07:39:00,Delivered,Credit Card,33,1,965,20,50,935
565,258,56,2025-04-03 06:54:00,Delivered,Credit Card,32,4,268,25,20,273
566,10,54,2025-04-13 02:55:00,Delivered,Cash,51,2,938,35,0,973
567,262,47,2025-11-26 01:19:00,Delivered,Debit Card,35,,509,20,0,529
568,27,53,2025-06-14 06:18:00,Delivered,UPI,45,4,693,20,50,663
569,283,21,2025-06-19 11:47:00,Delivered,Debit Card,33,2,939,40,0,979
570,22,47,2025-04-09 22:28:00,Cancelled,UPI,,,1033,25,0,1058
571,66,23,2025-08-03 17:45:00,Delivered,Debit Card,41,1,2257,40,75,2222
572,12,47,2025-11-03 08:44:00,Rejected,Debit Card,,,786,25,50,761
573,204,19,2025-12-17 17:55:00,Delivered,UPI,28,5,2059,25,0,2084
574,2,47,2025-10-20 06:37:00,Delivered,Cash,50,5,1280,30,30,1280
575,61,26,2025-04-25 01:34:00,Delivered,UPI,58,3,259,25,75,209
576,108,27,2025-03-01 00:41:00,Delivered,Debit Card,38,5,1677,30,0,1707
577,6,22,2025-04-23 23:17:00,Delivered,UPI,52,5,843,30,75,798
578,283,23,2025-08-15 07:20:00,Delivered,Cash,27,4,1397,25,20,1402
579,95,47,2025-04-07 18:31:00,Cancelled,Credit Card,,,509,35,50,494
580,97,3,2025-03-15 02:27:00,Delivered,Cash,24,,1551,20,20,1551
581,197,1,2025-02-26 00:48:00,Delivered,UPI,26,1,380,40,50,370
582,174,6,2025-04-14 04:30:00,Delivered,Cash,28,4,176,40,50,166
583,137,58,2025-10-06 03:01:00,Delivered,UPI,52,5,614,25,20,619
584,198,20,2025-06-30 20:18:00,Delivered,Cash,61,,486,20,0,506
585,53,12,2025-07-02 02:39:00,Delivered,Debit Card,23,,720,40,0,760
586,93,58,2025-08-06 04:57:00,Delivered,Debit Card,57,,1462,30,0,1492
587,40,24,2025-03-18 20:09:00,Delivered,Cash,46,,1424,30,0,1454
588,47,33,2025-03-07 05:49:00,Delivered,Debit Card,49,4,1490,40,20,1510
589,276,48,2025-09-10 17:34:00,Delivered,Cash,23,4,496,30,0,526
590,105,14,2025-07-05 17:30:00,Cancelled,UPI,,,308,25,0,333
591,236,7,2025-10-10 13:15:00,Delivered,Credit Card,21,,788,20,50,758
592,218,41,2025-01-28 22:06:00,Delivered,UPI,48,,184,30,0,214
593,41,23,2025-02-09 00:36:00,Delivered,Cash,27,,1720,30,20,1730
594,7,32,2025-02-26 04:03:00,Cancelled,UPI,,,270,35,75,230
595,217,30,2025-08-21 17:45:00,Delivered,Debit Card,63,2,1503,25,20,1508
596,29,4,2025-07-20 05:52:00,Delivered,UPI,62,3,508,35,0,543
597,139,15,2025-02-23 02:23:00,Delivered,Debit Card,19,2,495,40,0,535
598,159,5,2025-10-10 06:40:00,Cancelled,Credit Card,,,2393,20,0,2413
599,162,47,2025-06-08 00:22:00,Delivered,Cash,50,4,1018,40,0,1058
600,258,20,2025-01-13 18:50:00,Delivered,UPI,36,4,456,25,0,481
601,73,51,2025-03-24 16:33:00,Rejected,Debit Card,,,1398,40,75,1363
602,221,24,2025-12-31 21:24:00,Delivered,UPI,27,4,138,30,30,138
603,45,40,2025-02-18 14:20:00,Delivered,Debit Card,28,5,624,35,0,659
604,243,32,2025-08-15 20:59:00,Delivered,UPI,54,3,1662,25,20,1667
605,188,52,2025-11-16 10:23:00,Delivered,Cash,50,1,546,40,0,586
606,80,47,2025-05-29 12:10:00,Delivered,UPI,32,4,494,35,50,479
607,274,42,2025-02-25 02:11:00,Delivered,Cash,45,3,610,40,20,630
608,109,37,2025-02-28 08:29:00,Delivered,Credit Card,48,2,862,35,20,877
609,110,24,2025-04-19 00:48:00,Delivered,Debit Card,34,1,276,35,0,311
610,153,40,2025-08-03 16:13:00,Delivered,Debit Card,29,,862,30,0,892
611,102,33,2025-08-03 15:30:00,Delivered,Credit Card,62,5,1661,40,30,1671
612,75,41,2025-12-07 23:47:00,Delivered,Debit Card,18,4,308,20,75,253
613,209,22,2025-09-24 23:00:00,Rejected,Credit Card,,,984,25,20,989
614,280,21,2025-11-04 12:13:00,Delivered,Credit Card,61,1,986,40,75,951
615,64,53,2025-09-13 20:29:00,Delivered,Debit Card,40,,901,35,0,936
616,91,46,2025-11-01 05:34:00,Delivered,Debit Card,60,4,630,20,30,620
617,211,6,2025-09-12 23:48:00,Delivered,UPI,58,5,1096,25,0,1121
618,233,46,2025-07-15 03:12:00,Delivered,UPI,40,,937,25,30,932
619,146,32,2025-12-04 08:19:00,Delivered,Cash,61,4,270,25,75,220
620,192,45,2025-11-04 10:21:00,Delivered,Cash,33,4,159,40,20,179
621,66,58,2025-07-19 23:11:00,Delivered,Debit Card,51,2,1140,20,50,1110
622,296,38,2025-11-18 08:53:00,Delivered,Debit Card,31,1,1801,40,0,1841
623,293,59,2025-01-13 23:46:00,Delivered,Cash,58,3,1575,25,0,1600
624,100,46,2025-05-06 23:49:00,Delivered,Cash,34,3,921,20,50,891
625,297,24,2025-02-26 14:59:00,Delivered,UPI,27,2,276,30,75,231
626,107,47,2025-02-21 15:50:00,Delivered,UPI,49,,786,35,20,801
627,161,53,2025-08-19 05:11:00,Delivered,Credit Card,60,5,416,30,20,426
628,280,10,2025-03-23 16:47:00,Delivered,UPI,30,5,333,30,0,363
629,112,1,2025-06-17 04:14:00,Delivered,Credit Card,35,2,753,40,50,743
630,151,37,2025-09-11 13:32:00,Cancelled,Credit Card,,,1806,30,20,1816
631,53,49,2025-10-28 09:10:00,Delivered,Cash,45,,1539,40,20,1559
632,220,9,2025-10-18 11:23:00,Cancelled,UPI,,,1902,40,20,1922
633,151,49,2025-11-27 16:22:00,Delivered,UPI,29,,725,25,50,700
634,191,13,2025-03-16 10:07:00,Delivered,UPI,63,4,1502,40,0,1542
635,270,23,2025-02-22 17:17:00,Delivered,UPI,54,,1397,25,0,1422
636,253,34,2025-01-24 08:26:00,Delivered,Cash,28,5,1124,40,0,1164
637,237,55,2025-03-09 12:02:00,Cancelled,UPI,,,1077,35,50,1062
638,155,12,2025-06-12 11:25:00,Delivered,Debit Card,49,4,786,30,30,786
639,53,2,2025-04-25 01:52:00,Delivered,UPI,38,,892,30,75,847
640,276,14,2025-12-19 01:16:00,Cancelled,UPI,,,1046,20,0,1066
641,169,30,2025-11-10 12:17:00,Delivered,Credit Card,55,2,2150,20,30,2140
642,271,26,2025-10-23 15:42:00,Delivered,Debit Card,38,,1096,20,0,1116
643,286,31,2025-12-04 20:47:00,Delivered,UPI,22,,428,25,20,433
644,198,31,2025-09-07 03:21:00,Delivered,Debit Card,37,2,428,30,20,438
645,232,46,2025-09-20 06:49:00,Delivered,UPI,35,3,614,20,50,584
646,57,26,2025-01-09 14:11:00,Delivered,Cash,60,3,1096,25,0,1121
647,204,27,2025-08-09 16:21:00,Delivered,Debit Card,41,4,991,25,30,986
648,142,47,2025-09-23 13:06:00,Delivered,Credit Card,25,1,247,20,30,237
649,52,8,2025-04-26 19:44:00,Delivered,Cash,43,3,731,30,50,711
650,148,30,2025-01-02 03:11:00,Delivered,Cash,65,2,1011,20,0,1031
651,96,33,2025-08-22 04:00:00,Delivered,Cash,39,3,861,20,30,851
652,181,34,2025-10-26 00:31:00,Delivered,Cash,25,1,776,20,0,796
653,172,59,2025-09-09 23:22:00,Rejected,Debit Card,,,907,30,0,937
654,171,45,2025-12-06 19:30:00,Delivered,UPI,27,,1020,35,0,1055
655,126,27,2025-12-23 13:23:00,Delivered,UPI,30,,2001,40,20,2021
656,270,21,2025-05-16 21:22:00,Cancelled,Cash,,,493,40,30,503
657,176,24,2025-08-10 14:36:00,Rejected,Debit Card,,,1791,25,20,1796
658,77,50,2025-05-29 19:35:00,Delivered,Debit Card,49,3,253,25,0,278
659,64,3,2025-09-08 09:00:00,Delivered,UPI,21,3,2085,25,50,2060
660,101,34,2025-10-27 02:18:00,Delivered,Cash,40,4,1552,40,0,1592
661,89,46,2025-08-12 21:56:00,Delivered,Credit Card,61,,1244,30,0,1274
662,44,47,2025-10-18 20:29:00,Delivered,Cash,45,5,1018,35,20,1033
663,216,39,2025-08-25 00:58:00,Delivered,Cash,23,,1972,40,30,1982
664,151,2,2025-07-21 04:25:00,Delivered,Cash,51,1,800,20,0,820
665,50,25,2025-10-17 15:44:00,Delivered,UPI,25,,906,25,30,901
666,254,18,2025-04-25 21:40:00,Delivered,Debit Card,58,1,754,25,30,749
667,62,48,2025-02-19 07:13:00,Delivered,UPI,50,1,430,35,0,465
668,121,48,2025-05-14 19:43:00,Delivered,UPI,45,1,1488,25,0,1513
669,262,47,2025-09-01 15:18:00,Delivered,UPI,55,3,1018,35,0,1053
670,15,22,2025-08-23 03:36:00,Delivered,Debit Card,20,5,703,35,0,738
671,5,47,2025-07-03 16:54:00,Delivered,Credit Card,40,,1033,30,50,1013
672,289,47,2025-08-24 22:54:00,Delivered,Debit Card,60,4,494,35,30,499
673,93,54,2025-12-29 16:49:00,Delivered,Debit Card,26,5,1003,25,0,1028
674,50,58,2025-02-24 15:59:00,Delivered,Debit Card,32,,380,35,75,340
675,216,16,2025-02-01 19:16:00,Delivered,UPI,46,,992,20,50,962
676,231,43,2025-03-10 20:36:00,Delivered,Credit Card,34,3,408,25,20,413
677,271,26,2025-02-14 18:01:00,Delivered,UPI,31,2,518,40,30,528
678,37,33,2025-04-05 21:46:00,Cancelled,Cash,,,861,35,30,866
679,181,22,2025-11-13 17:54:00,Delivered,UPI,46,4,141,40,0,181
680,52,1,2025-09-13 07:03:00,Delivered,Debit Card,19,3,380,30,0,410
681,274,54,2025-05-04 16:59:00,Delivered,Debit Card,43,5,938,20,0,958
682,174,36,2025-05-14 06:21:00,Cancelled,UPI,,,423,30,75,378
683,32,23,2025-09-10 02:51:00,Cancelled,UPI,,,2580,40,0,2620
684,283,42,2025-03-08 08:46:00,Delivered,UPI,49,3,612,20,0,632
685,101,46,2025-11-08 12:43:00,Delivered,UPI,53,4,1567,40,0,1607
686,60,37,2025-03-02 19:57:00,Delivered,Credit Card,39,1,342,40,0,382
687,117,19,2025-10-02 18:02:00,Rejected,UPI,,,365,20,0,385
688,225,4,2025-05-25 01:20:00,Delivered,Credit Card,36,4,470,40,0,510
689,254,41,2025-04-23 14:45:00,Delivered,Debit Card,53,2,522,35,50,507
690,249,32,2025-02-10 06:58:00,Delivered,Credit Card,37,,540,25,0,565
691,121,40,2025-11-29 14:07:00,Delivered,UPI,35,4,1679,35,20,1694
692,10,38,2025-07-16 14:02:00,Delivered,Cash,29,5,446,40,75,411
693,179,1,2025-11-08 10:59:00,Delivered,Debit Card,55,1,1140,20,75,1085
694,56,59,2025-12-14 09:54:00,Rejected,Cash,,,1432,25,0,1457
695,8,25,2025-12-16 08:05:00,Rejected,Debit Card,,,2161,30,0,2191
696,129,24,2025-03-05 09:36:00,Delivered,Debit Card,29,1,1148,35,50,1133
697,285,9,2025-07-29 01:37:00,Cancelled,Debit Card,,,1034,30,0,1064
698,254,18,2025-04-27 20:11:00,Delivered,UPI,32,1,1635,30,0,1665
699,284,31,2025-02-01 22:16:00,Rejected,UPI,,,1397,20,30,1387
700,228,47,2025-09-19 02:15:00,Delivered,Debit Card,61,4,1265,30,0,1295
701,209,53,2025-07-11 15:18:00,Delivered,Credit Card,41,2,624,25,75,574
702,161,46,2025-09-18 18:45:00,Delivered,Credit Card,42,,614,20,0,634
703,115,27,2025-09-15 18:40:00,Delivered,Cash,52,,972,40,30,982
704,226,47,2025-05-18 06:53:00,Delivered,Credit Card,39,3,494,20,50,464
705,124,37,2025-07-29 11:05:00,Delivered,UPI,41,5,520,25,30,515
706,65,26,2025-07-28 21:37:00,Delivered,Debit Card,36,1,518,40,0,558
707,295,40,2025-11-20 06:57:00,Delivered,Cash,18,4,624,35,0,659
708,86,47,2025-03-09 16:55:00,Delivered,Cash,45,4,247,30,75,202
709,173,46,2025-11-08 19:06:00,Rejected,UPI,,,646,35,50,631
710,231,43,2025-05-29 15:44:00,Delivered,Credit Card,64,,136,40,30,146
711,190,30,2025-11-29 14:24:00,Delivered,Credit Card,50,,1658,30,0,1688
712,289,47,2025-05-27 10:24:00,Delivered,Credit Card,27,2,771,30,0,801
713,61,55,2025-05-21 15:28:00,Delivered,Credit Card,36,,1857,25,0,1882
714,106,47,2025-01-15 19:57:00,Delivered,Credit Card,18,1,1280,35,30,1285
715,65,59,2025-06-01 03:45:00,Delivered,UPI,46,,1241,20,0,1261
716,41,23,2025-02-08 10:10:00,Delivered,Debit Card,47,5,537,35,0,572
717,267,33,2025-04-08 17:42:00,Delivered,UPI,58,2,458,25,0,483
718,241,20,2025-09-06 05:46:00,Delivered,Credit Card,30,1,304,20,20,304
719,286,56,2025-04-17 22:11:00,Delivered,Debit Card,57,5,536,40,50,526
720,93,25,2025-04-29 09:42:00,Delivered,Cash,56,4,1340,35,20,1355
721,167,4,2025-12-06 13:07:00,Delivered,Debit Card,60,4,288,40,20,308
722,121,14,2025-05-29 08:32:00,Delivered,Cash,21,3,1354,35,20,1369
723,134,14,2025-05-18 15:46:00,Delivered,UPI,37,2,1569,20,30,1559
724,169,5,2025-11-06 17:01:00,Cancelled,UPI,,,2472,20,50,2442
725,26,52,2025-04-18 11:34:00,Delivered,Credit Card,52,2,742,25,30,737
726,128,24,2025-01-19 00:48:00,Cancelled,UPI,,,781,30,0,811
727,118,53,2025-12-19 07:02:00,Delivered,UPI,42,2,1663,35,0,1698
728,8,52,2025-11-06 04:06:00,Delivered,Cash,30,,1113,20,0,1133
729,141,37,2025-04-14 03:16:00,Rejected,Cash,,,602,35,30,607
730,143,42,2025-05-26 22:34:00,Delivered,Cash,19,,917,40,0,957
731,204,51,2025-04-29 14:23:00,Delivered,UPI,59,2,1299,25,0,1324
732,251,54,2025-05-08 02:09:00,Delivered,Cash,51,,1068,30,20,1078
733,160,33,2025-03-19 01:20:00,Delivered,Cash,18,2,1661,30,20,1671
734,248,48,2025-10-12 23:46:00,Delivered,UPI,45,4,496,40,50,486
735,63,20,2025-04-12 14:55:00,Rejected,UPI,,,1914,35,0,1949
736,281,34,2025-07-24 00:18:00,Delivered,Debit Card,64,,2328,25,0,2353
737,149,46,2025-12-17 06:51:00,Delivered,Debit Card,51,4,1890,25,0,1915
738,269,42,2025-01-06 10:26:00,Delivered,Cash,22,,915,25,0,940
739,49,27,2025-08-23 10:06:00,Delivered,Cash,56,3,972,20,0,992
740,141,12,2025-08-07 18:46:00,Delivered,Cash,34,2,360,25,0,385
741,92,32,2025-10-16 03:08:00,Delivered,Cash,39,5,554,25,0,579
742,47,56,2025-03-17 04:10:00,Delivered,UPI,38,1,536,35,0,571
743,155,45,2025-03-02 07:35:00,Delivered,Cash,63,3,987,30,50,967
744,74,36,2025-10-14 14:31:00,Delivered,Debit Card,61,4,1266,30,50,1246
745,218,29,2025-11-12 17:56:00,Rejected,Credit Card,,,1298,25,20,1303
746,185,46,2025-04-10 00:37:00,Delivered,UPI,41,,323,30,50,303
747,246,36,2025-01-23 22:45:00,Delivered,UPI,54,,774,40,75,739
748,54,3,2025-07-09 00:39:00,Cancelled,Credit Card,,,517,35,75,477
749,62,14,2025-08-16 20:45:00,Delivered,UPI,52,2,462,30,50,442
750,87,47,2025-09-22 00:42:00,Delivered,UPI,22,5,247,25,20,252
751,23,55,2025-11-08 06:44:00,Delivered,Credit Card,58,,966,40,0,1006
752,61,55,2025-08-27 18:53:00,Delivered,Cash,23,1,297,30,30,297
753,11,20,2025-01-06 06:40:00,Delivered,UPI,64,,790,35,50,775
754,147,18,2025-05-23 04:36:00,Delivered,Credit Card,30,2,1090,35,0,1125
755,48,19,2025-07-01 18:23:00,Delivered,Cash,58,2,443,40,30,453
756,108,30,2025-08-11 11:41:00,Delivered,Debit Card,31,5,1321,35,0,1356
757,17,47,2025-09-22 21:40:00,Delivered,Credit Card,47,3,1033,30,75,988
758,5,47,2025-08-04 15:21:00,Delivered,UPI,29,,1033,20,20,1033
759,234,54,2025-10-22 22:27:00,Delivered,Cash,33,3,1472,25,75,1422
760,260,15,2025-08-04 13:49:00,Delivered,Cash,55,5,1368,40,0,1408
761,291,4,2025-03-08 21:21:00,Delivered,UPI,23,2,508,20,50,478
762,76,9,2025-03-30 09:19:00,Delivered,Credit Card,31,2,300,35,0,335
763,177,3,2025-08-30 17:43:00,Delivered,Credit Card,48,4,1034,25,0,1059
764,69,59,2025-06-17 09:52:00,Delivered,Cash,56,1,1766,25,75,1716
765,121,33,2025-07-05 10:32:00,Delivered,Cash,22,2,1203,35,0,1238
766,174,36,2025-12-01 05:27:00,Delivered,Debit Card,42,4,984,25,0,1009
767,204,30,2025-09-22 03:29:00,Delivered,Debit Card,61,,1321,40,30,1331
768,197,30,2025-08-21 00:31:00,Delivered,Cash,45,,2487,20,30,2477
769,231,50,2025-07-10 15:45:00,Delivered,Debit Card,25,,769,30,50,749
770,133,5,2025-09-21 19:46:00,Delivered,Cash,21,1,1052,30,0,1082
771,190,8,2025-08-06 10:43:00,Delivered,UPI,52,3,924,30,50,904
772,19,56,2025-02-27 11:46:00,Delivered,Cash,33,5,1191,25,50,1166
773,253,34,2025-05-21 11:29:00,Delivered,Credit Card,64,,1552,20,0,1572
774,52,19,2025-09-20 23:05:00,Delivered,Debit Card,45,2,808,40,0,848
775,156,27,2025-09-21 17:54:00,Delivered,UPI,41,2,1677,20,30,1667
776,205,7,2025-12-14 09:17:00,Delivered,Credit Card,19,,256,35,30,261
777,163,17,2025-04-24 07:01:00,Delivered,Credit Card,22,5,1184,35,30,1189
778,7,33,2025-06-24 10:22:00,Delivered,Credit Card,47,,1777,30,20,1787
779,17,47,2025-11-20 15:35:00,Rejected,UPI,,,494,30,75,449
780,162,47,2025-12-12 14:01:00,Delivered,Credit Card,57,4,1527,35,0,1562
781,193,50,2025-03-09 12:38:00,Cancelled,UPI,,,253,25,0,278
782,293,55,2025-04-02 05:49:00,Delivered,Cash,53,2,1857,20,50,1827
783,163,50,2025-10-02 17:25:00,Delivered,Cash,49,,1285,30,0,1315
784,273,28,2025-08-26 20:11:00,Delivered,UPI,42,4,938,40,0,978
785,71,60,2025-11-14 16:05:00,Delivered,Cash,19,2,912,20,0,932
786,12,47,2025-10-10 16:55:00,Delivered,Credit Card,47,2,741,25,0,766
787,68,35,2025-02-03 00:13:00,Delivered,Cash,33,4,946,40,50,936
788,57,55,2025-03-23 07:29:00,Delivered,UPI,18,,1077,30,50,1057
789,276,16,2025-11-07 20:34:00,Delivered,Cash,48,,1014,20,0,1034
790,205,45,2025-11-19 20:28:00,Delivered,UPI,24,3,1020,35,50,1005
791,174,7,2025-05-05 15:13:00,Delivered,Debit Card,59,4,1044,35,0,1079
792,231,35,2025-10-18 08:38:00,Delivered,Credit Card,27,1,1041,30,50,1021
793,150,22,2025-03-23 18:40:00,Delivered,Cash,61,2,562,30,50,542
794,117,1,2025-04-19 18:19:00,Delivered,UPI,34,5,889,25,30,884
795,257,33,2025-09-25 11:24:00,Delivered,Cash,59,5,1032,20,0,1052
796,116,22,2025-04-16 07:09:00,Delivered,UPI,59,4,704,30,50,684
797,17,47,2025-11-17 03:21:00,Delivered,Debit Card,53,,524,40,30,534
798,127,9,2025-05-12 23:11:00,Delivered,Credit Card,32,4,1302,30,30,1302
799,143,15,2025-04-08 23:53:00,Cancelled,Credit Card,,,951,40,75,916
800,298,37,2025-08-26 03:34:00,Cancelled,UPI,,,944,35,0,979
801,244,4,2025-02-21 17:37:00,Delivered,Cash,37,5,690,40,75,655
802,234,10,2025-05-09 13:38:00,Delivered,Credit Card,39,5,978,30,0,1008
803,288,48,2025-06-08 20:28:00,Delivered,Credit Card,49,5,711,35,50,696
804,156,1,2025-08-15 10:40:00,Delivered,Credit Card,30,,258,40,0,298
805,164,46,2025-08-30 03:43:00,Delivered,Credit Card,54,3,614,25,75,564
806,81,49,2025-12-06 05:20:00,Cancelled,Cash,,,1450,30,0,1480
807,75,35,2025-06-20 23:22:00,Delivered,Debit Card,46,5,1167,35,0,1202
808,72,40,2025-05-21 00:52:00,Delivered,Credit Card,60,3,1248,30,30,1248
809,287,29,2025-04-21 19:32:00,Delivered,Debit Card,24,2,1430,35,50,1415
810,250,26,2025-05-24 19:37:00,Delivered,UPI,21,3,837,25,50,812
811,38,47,2025-07-31 04:55:00,Delivered,Debit Card,54,1,1527,30,30,1527
812,272,55,2025-12-20 00:08:00,Delivered,UPI,62,3,1077,35,0,1112
813,236,13,2025-06-20 06:43:00,Rejected,Debit Card,,,1755,35,20,1770
814,203,51,2025-09-07 01:53:00,Delivered,Debit Card,19,1,1664,20,50,1634
815,39,47,2025-10-13 03:34:00,Delivered,UPI,54,,786,35,75,746
816,142,47,2025-08-20 23:09:00,Delivered,UPI,29,3,1280,30,0,1310
817,200,1,2025-01-05 07:20:00,Delivered,Debit Card,32,3,1140,25,0,1165
818,76,9,2025-06-07 05:06:00,Delivered,UPI,26,1,1334,25,0,1359
819,84,47,2025-05-19 07:59:00,Cancelled,Debit Card,,,524,20,75,469
820,193,11,2025-08-16 23:54:00,Delivered,Cash,21,4,608,40,75,573
821,64,3,2025-03-31 16:58:00,Delivered,UPI,28,,801,40,0,841
822,163,43,2025-04-08 06:05:00,Delivered,Debit Card,48,1,1130,35,75,1090
823,52,8,2025-07-04 09:53:00,Delivered,Debit Card,32,,538,20,0,558
824,166,24,2025-03-14 07:11:00,Delivered,Credit Card,51,4,414,25,75,364
825,151,13,2025-11-13 13:52:00,Delivered,Credit Card,29,,498,20,75,443
826,84,47,2025-09-12 06:19:00,Delivered,Debit Card,34,1,247,35,0,282
827,74,36,2025-01-24 17:24:00,Delivered,Credit Card,28,3,282,20,0,302
828,244,34,2025-08-01 17:28:00,Delivered,UPI,37,3,1284,40,0,1324
829,50,42,2025-09-10 23:53:00,Delivered,Credit Card,26,2,921,20,50,891
830,49,30,2025-07-26 09:56:00,Delivered,Credit Card,32,3,1321,35,0,1356
831,75,60,2025-01-18 23:57:00,Delivered,UPI,30,,399,20,75,344
832,122,7,2025-07-23 10:00:00,Delivered,Cash,40,5,1438,30,30,1438
833,226,47,2025-05-24 20:49:00,Delivered,Debit Card,39,,494,35,75,454
834,282,42,2025-12-06 03:42:00,Delivered,Debit Card,22,,612,35,75,572
835,57,24,2025-10-09 22:18:00,Delivered,Debit Card,37,5,276,40,0,316
836,73,51,2025-12-15 07:49:00,Delivered,Debit Card,51,2,798,25,50,773
837,272,26,2025-07-11 05:06:00,Delivered,Credit Card,63,5,807,30,20,817
838,268,43,2025-09-01 14:20:00,Delivered,Debit Card,18,5,994,25,0,1019
839,247,26,2025-05-05 12:50:00,Delivered,Cash,43,2,837,35,0,872
840,300,7,2025-04-16 14:09:00,Delivered,Debit Card,18,5,778,35,0,813
841,64,46,2025-11-09 14:09:00,Delivered,Debit Card,35,,646,20,50,616
842,239,34,2025-10-27 05:56:00,Delivered,Cash,36,1,428,35,75,388
843,222,34,2025-01-30 20:06:00,Delivered,Debit Card,64,,1980,30,0,2010
844,7,16,2025-09-06 07:37:00,Delivered,Cash,60,4,2017,40,75,1982
845,51,54,2025-02-18 03:48:00,Delivered,Cash,43,1,3009,20,20,3009
846,222,53,2025-01-14 06:36:00,Delivered,Debit Card,24,4,970,30,75,925
847,177,22,2025-05-08 08:28:00,Delivered,Debit Card,47,3,423,40,50,413
848,165,53,2025-07-25 11:49:00,Delivered,Cash,23,5,970,20,50,940
849,47,57,2025-07-27 10:39:00,Delivered,Credit Card,42,4,1450,25,0,1475
850,9,16,2025-04-08 18:19:00,Cancelled,Debit Card,,,1521,20,0,1541
851,48,1,2025-12-31 19:58:00,Delivered,Cash,34,3,631,30,30,631
852,292,17,2025-06-15 07:28:00,Delivered,Credit Card,53,3,300,25,0,325
853,116,34,2025-11-28 06:09:00,Delivered,Credit Card,19,,2328,40,0,2368
854,212,47,2025-09-23 18:25:00,Delivered,Cash,65,3,756,30,30,756
855,183,15,2025-12-21 04:20:00,Delivered,Credit Card,52,1,1863,30,50,1843
856,284,31,2025-08-27 08:36:00,Delivered,Cash,57,5,2051,35,30,2056
857,30,55,2025-09-02 22:09:00,Delivered,Debit Card,22,,2340,35,20,2355
858,69,59,2025-04-21 21:28:00,Delivered,Debit Card,39,5,1098,20,50,1068
859,184,46,2025-03-03 02:39:00,Delivered,Cash,64,2,307,20,50,277
860,254,17,2025-06-19 02:06:00,Cancelled,Cash,,,584,25,0,609
861,160,33,2025-04-01 22:27:00,Delivered,Cash,23,4,574,20,0,594
862,232,3,2025-09-26 08:01:00,Delivered,UPI,53,3,517,40,0,557
863,3,28,2025-07-16 09:01:00,Delivered,Debit Card,22,,215,40,0,255
864,177,3,2025-12-16 04:38:00,Delivered,Credit Card,46,2,267,40,0,307
865,276,16,2025-06-09 09:06:00,Delivered,Credit Card,55,1,2502,35,50,2487
866,281,34,2025-08-18 03:42:00,Delivered,Debit Card,33,2,1204,20,20,1204
867,51,52,2025-02-16 21:41:00,Delivered,Cash,52,3,560,35,20,575
868,223,38,2025-02-12 15:01:00,Delivered,Debit Card,53,4,2727,20,30,2717
869,22,47,2025-02-15 09:57:00,Delivered,Credit Card,59,1,524,35,0,559
870,181,46,2025-01-27 21:55:00,Delivered,Credit Card,50,1,614,25,0,639
871,164,3,2025-04-15 15:13:00,Delivered,UPI,20,,1034,20,0,1054
872,170,4,2025-07-19 07:23:00,Cancelled,Cash,,,182,40,0,222
873,133,19,2025-12-15 18:45:00,Delivered,Debit Card,31,,1616,35,0,1651
874,98,37,2025-05-10 19:00:00,Delivered,Cash,20,4,342,20,0,362
875,82,44,2025-02-04 05:34:00,Delivered,Debit Card,61,4,1627,20,75,1572
876,62,39,2025-04-14 02:35:00,Delivered,Credit Card,26,1,912,20,75,857
877,199,47,2025-02-12 22:51:00,Delivered,Cash,57,2,1003,30,0,1033
878,292,11,2025-03-20 10:55:00,Cancelled,Credit Card,,,766,35,20,781
879,79,32,2025-09-16 02:14:00,Delivered,Credit Card,39,4,284,25,30,279
880,271,55,2025-10-13 05:09:00,Delivered,Debit Card,21,1,1857,30,0,1887
881,74,6,2025-12-17 07:00:00,Delivered,UPI,42,,528,20,30,518
882,280,15,2025-01-11 20:52:00,Cancelled,Cash,,,1863,35,30,1868
883,129,55,2025-11-22 14:30:00,Cancelled,Credit Card,,,1077,25,20,1082
884,132,7,2025-07-08 23:01:00,Delivered,Debit Card,27,4,128,30,0,158
885,208,39,2025-08-02 14:46:00,Delivered,Cash,47,3,912,25,30,907
886,100,53,2025-12-04 19:23:00,Cancelled,Cash,,,1178,35,0,1213
887,278,58,2025-08-20 09:57:00,Delivered,Cash,21,3,702,35,0,737
888,227,11,2025-12-22 06:24:00,Delivered,Credit Card,35,,462,25,0,487
889,211,13,2025-08-28 07:55:00,Delivered,Cash,38,5,249,20,0,269
890,5,47,2025-06-19 02:20:00,Cancelled,Debit Card,,,262,30,75,217
891,34,41,2025-11-16 10:37:00,Cancelled,Cash,,,676,20,75,621
892,288,20,2025-03-19 05:26:00,Delivered,Cash,28,4,942,35,0,977
893,21,4,2025-07-15 15:24:00,Delivered,UPI,55,3,470,40,0,510
894,174,6,2025-07-09 02:11:00,Delivered,Debit Card,61,2,528,30,0,558
895,43,8,2025-11-05 15:01:00,Delivered,Cash,28,3,807,20,20,807
896,164,4,2025-01-27 20:15:00,Delivered,Debit Card,46,,978,35,50,963
897,42,47,2025-10-10 01:08:00,Delivered,UPI,65,3,1018,20,50,988
898,139,38,2025-06-21 11:51:00,Delivered,Cash,44,2,1818,30,0,1848
899,231,17,2025-12-08 10:55:00,Delivered,UPI,19,,142,25,0,167
900,34,18,2025-10-20 07:49:00,Delivered,UPI,18,,2262,35,50,2247
901,170,53,2025-02-24 19:07:00,Delivered,Credit Card,30,,208,20,0,228
902,222,53,2025-04-30 06:03:00,Delivered,Cash,38,2,2079,25,20,2084
903,148,30,2025-12-13 18:55:00,Delivered,Cash,29,1,984,25,30,979
904,295,31,2025-12-25 03:44:00,Delivered,Credit Card,29,,856,40,0,896
905,212,47,2025-04-22 13:16:00,Delivered,Credit Card,51,3,509,35,0,544
906,31,56,2025-08-09 02:43:00,Delivered,Cash,18,,804,30,50,784
907,34,60,2025-05-15 23:53:00,Delivered,Debit Card,65,,874,40,50,864
908,98,9,2025-10-28 05:02:00,Delivered,Cash,47,,1468,25,0,1493
909,198,39,2025-01-13 04:50:00,Delivered,Credit Card,43,4,1146,25,0,1171
910,49,1,2025-07-20 15:09:00,Delivered,Credit Card,19,2,509,40,50,499
911,256,19,2025-08-11 05:31:00,Rejected,UPI,,,2059,35,30,2064
912,149,4,2025-05-01 16:31:00,Delivered,Cash,49,3,432,30,50,412
913,220,49,2025-03-04 19:08:00,Delivered,Debit Card,64,2,1043,30,20,1053
914,127,9,2025-06-17 22:14:00,Cancelled,Debit Card,,,1768,25,0,1793
915,165,53,2025-10-21 07:45:00,Delivered,Credit Card,33,4,1455,20,20,1455
916,76,49,2025-06-14 02:33:00,Delivered,Debit Card,22,2,1132,25,0,1157
917,2,47,2025-07-02 19:30:00,Delivered,Debit Card,38,3,786,40,0,826
918,152,11,2025-04-10 16:51:00,Delivered,Credit Card,42,1,762,20,0,782
919,216,16,2025-07-08 14:49:00,Cancelled,Credit Card,,,2513,30,0,2543
920,141,37,2025-05-22 06:45:00,Delivered,Debit Card,28,3,342,30,30,342
921,245,41,2025-03-14 10:53:00,Delivered,UPI,58,3,706,30,0,736
922,290,24,2025-09-19 01:46:00,Delivered,Credit Card,49,1,138,40,0,178
923,121,16,2025-07-04 11:21:00,Delivered,Debit Card,22,5,1521,35,50,1506
924,80,47,2025-04-17 14:10:00,Delivered,Debit Card,32,5,786,25,20,791
925,22,47,2025-04-23 07:09:00,Cancelled,Credit Card,,,1527,35,0,1562
926,262,47,2025-09-10 00:42:00,Delivered,Cash,53,2,262,40,20,282
927,4,47,2025-12-26 02:37:00,Cancelled,Credit Card,,,1033,40,0,1073
928,137,52,2025-07-11 16:24:00,Delivered,Credit Card,56,2,735,30,20,745
929,15,34,2025-11-05 20:42:00,Delivered,Cash,31,1,1632,30,75,1587
930,110,55,2025-07-04 14:03:00,Delivered,Credit Card,54,,1077,25,75,1027
931,93,28,2025-04-16 15:46:00,Delivered,Debit Card,47,,430,40,30,440
932,147,29,2025-02-09 19:06:00,Cancelled,UPI,,,748,20,0,768
933,228,47,2025-10-18 05:06:00,Delivered,Credit Card,59,4,1265,20,0,1285
934,18,16,2025-06-04 04:16:00,Delivered,Credit Card,25,,507,20,0,527
935,45,31,2025-08-22 18:44:00,Delivered,Debit Card,19,4,428,20,20,428
936,194,3,2025-01-20 15:27:00,Delivered,Cash,29,,1034,30,50,1014
937,246,9,2025-05-17 00:42:00,Delivered,Credit Card,33,1,900,35,75,860
938,119,11,2025-05-27 11:05:00,Delivered,Cash,48,3,1374,30,20,1384
939,90,56,2025-07-25 11:29:00,Rejected,Debit Card,,,804,40,20,824
940,185,34,2025-02-14 19:16:00,Cancelled,Debit Card,,,2328,25,0,2353
941,176,26,2025-11-03 10:34:00,Delivered,Credit Card,54,2,1066,40,0,1106
942,267,16,2025-10-22 00:16:00,Cancelled,Credit Card,,,1014,20,0,1034
943,192,45,2025-07-22 16:42:00,Delivered,Credit Card,54,4,1530,35,0,1565
944,97,53,2025-01-01 16:51:00,Delivered,Credit Card,22,3,970,25,30,965
945,50,23,2025-01-13 00:01:00,Delivered,Credit Card,29,,646,35,0,681
946,217,8,2025-12-05 12:00:00,Delivered,Debit Card,39,2,1386,40,0,1426
947,252,2,2025-09-13 10:22:00,Delivered,Cash,42,,1476,40,30,1486
948,180,53,2025-09-09 00:24:00,Delivered,Cash,23,5,208,20,20,208
949,195,28,2025-05-04 19:30:00,Delivered,Debit Card,53,,508,25,30,503
950,15,46,2025-08-16 02:32:00,Delivered,Debit Card,62,5,969,20,50,939
951,265,34,2025-03-31 14:18:00,Delivered,UPI,36,4,348,25,20,353
952,249,31,2025-01-03 12:49:00,Delivered,Credit Card,42,2,1623,40,75,1588
953,253,4,2025-08-16 22:58:00,Delivered,Credit Card,26,5,288,30,75,243
954,221,24,2025-12-29 16:57:00,Delivered,UPI,44,3,643,30,50,623
955,184,34,2025-07-25 16:58:00,Delivered,Credit Card,25,1,696,40,0,736
956,286,32,2025-09-02 02:50:00,Delivered,Cash,25,2,540,25,50,515
957,201,47,2025-07-10 01:32:00,Delivered,UPI,51,5,247,30,0,277
958,246,9,2025-04-07 21:30:00,Delivered,Credit Card,24,5,1302,25,75,1252
959,262,47,2025-02-04 15:32:00,Rejected,UPI,,,786,35,75,746
960,186,5,2025-05-15 13:03:00,Delivered,UPI,38,,1341,30,20,1351
961,231,60,2025-04-26 23:58:00,Delivered,Cash,59,,399,40,0,439
962,255,6,2025-08-10 19:01:00,Delivered,UPI,63,,352,30,20,362
963,144,40,2025-11-29 10:19:00,Delivered,Debit Card,37,,1872,40,50,1862
964,294,7,2025-08-29 10:05:00,Delivered,Debit Card,52,1,1438,40,0,1478
965,161,22,2025-05-03 18:12:00,Delivered,Debit Card,30,,1125,25,75,1075
966,72,32,2025-04-08 21:43:00,Delivered,Debit Card,31,,810,30,50,790
967,127,9,2025-11-03 20:53:00,Delivered,Cash,41,4,1168,40,0,1208
968,130,1,2025-07-12 17:25:00,Delivered,Credit Card,34,,509,20,20,509
969,251,54,2025-02-25 15:27:00,Delivered,UPI,26,3,534,30,0,564
970,281,46,2025-05-18 04:50:00,Delivered,Cash,31,5,307,30,30,307
971,142,47,2025-08-09 07:14:00,Delivered,Debit Card,53,2,786,40,0,826
972,113,20,2025-07-16 06:34:00,Delivered,Credit Card,23,5,638,35,0,673
973,124,37,2025-11-09 05:57:00,Delivered,Credit Card,35,2,862,25,0,887
974,42,47,2025-12-31 14:28:00,Delivered,Cash,57,,247,35,20,262
975,269,28,2025-06-14 00:31:00,Delivered,Cash,46,3,879,35,0,914
976,207,29,2025-04-22 10:22:00,Delivered,Credit Card,63,2,2046,25,50,2021
977,34,44,2025-01-12 12:36:00,Delivered,Cash,19,4,1318,25,0,1343
978,188,25,2025-09-03 05:10:00,Delivered,Credit Card,20,,1859,25,0,1884
979,284,14,2025-05-09 02:33:00,Cancelled,Cash,,,154,35,0,189
980,96,31,2025-07-29 09:10:00,Delivered,Credit Card,23,5,1623,35,20,1638
981,86,47,2025-01-09 06:38:00,Delivered,UPI,24,2,741,30,50,721
982,92,20,2025-10-01 05:15:00,Delivered,Debit Card,28,,304,25,0,329
983,25,19,2025-03-21 04:15:00,Delivered,Debit Card,54,,1694,20,50,1664
984,128,26,2025-11-24 19:48:00,Delivered,Cash,26,4,1355,40,0,1395
985,296,38,2025-05-09 16:59:00,Delivered,Cash,26,,1389,30,75,1344
986,153,16,2025-11-06 13:24:00,Delivered,Debit Card,19,2,992,25,20,997
987,72,57,2025-06-04 12:15:00,Delivered,Credit Card,46,4,1451,25,20,1456
988,27,4,2025-03-16 20:59:00,Delivered,Debit Card,21,4,796,40,20,816
989,21,34,2025-02-04 11:21:00,Delivered,Credit Card,18,,428,20,30,418
990,112,30,2025-09-24 11:01:00,Delivered,Debit Card,57,5,1813,40,0,1853
991,225,34,2025-08-10 16:02:00,Delivered,UPI,27,,2328,30,0,2358
992,73,51,2025-04-11 02:39:00,Delivered,Cash,32,3,433,35,30,438
993,100,34,2025-03-19 13:35:00,Delivered,Credit Card,18,,696,35,75,656
994,34,29,2025-08-28 05:59:00,Delivered,UPI,23,3,2046,40,75,2011
995,170,53,2025-12-07 10:33:00,Delivered,Debit Card,56,,208,35,20,223
996,140,55,2025-09-18 09:31:00,Rejected,Cash,,,966,20,75,911
997,76,45,2025-04-25 07:56:00,Cancelled,Cash,,,1530,40,30,1540
998,186,19,2025-07-24 13:36:00,Delivered,UPI,33,4,443,35,20,458
999,222,4,2025-08-01 15:01:00,Delivered,Debit Card,25,4,652,25,0,677
1000,125,47,2025-06-22 05:38:00,Delivered,Cash,23,1,786,35,20,801
1001,48,51,2025-12-24 20:09:00,Rejected,UPI,,,965,30,50,945
1002,183,58,2025-10-20 02:02:00,Delivered,Debit Card,39,5,1140,20,75,1085
1003,99,7,2025-07-20 15:06:00,Delivered,Debit Card,57,,128,20,20,128
1004,134,20,2025-11-26 22:32:00,Delivered,Credit Card,62,4,1276,40,0,1316
1005,151,36,2025-08-03 07:50:00,Rejected,Debit Card,,,774,25,0,799
1006,41,10,2025-10-28 03:09:00,Delivered,Cash,26,1,978,35,20,993
1007,210,1,2025-11-26 21:42:00,Delivered,Debit Card,63,4,251,35,0,286
1008,177,3,2025-01-26 01:53:00,Delivered,Debit Card,42,4,1051,30,50,1031
1009,217,30,2025-06-11 18:55:00,Delivered,UPI,28,,1321,20,0,1341
1010,123,45,2025-11-06 15:17:00,Cancelled,Credit Card,,,1848,30,75,1803
1011,191,13,2025-01-02 03:30:00,Delivered,Credit Card,31,5,1751,20,20,1751
1012,281,22,2025-10-03 14:02:00,Delivered,UPI,44,1,1266,25,0,1291
1013,115,19,2025-05-16 09:57:00,Delivered,UPI,32,5,1538,25,0,1563
1014,114,37,2025-05-03 12:00:00,Delivered,UPI,35,5,1806,20,20,1806
1015,298,9,2025-10-01 21:35:00,Delivered,UPI,33,,2202,25,0,2227
1016,220,6,2025-06-18 20:15:00,Cancelled,UPI,,,528,30,0,558
1017,150,53,2025-05-12 13:10:00,Cancelled,Credit Card,,,485,30,0,515
1018,278,52,2025-11-24 02:04:00,Rejected,UPI,,,182,30,0,212
1019,59,42,2025-06-22 03:32:00,Delivered,Cash,50,5,917,25,20,922
1020,97,46,2025-05-09 23:01:00,Cancelled,UPI,,,307,30,0,337
1021,268,50,2025-04-10 15:59:00,Delivered,Debit Card,19,4,769,25,30,764
1022,248,56,2025-12-24 02:47:00,Delivered,Cash,53,,665,20,20,665
1023,97,3,2025-10-20 11:01:00,Rejected,Debit Card,,,1568,20,0,1588
1024,50,54,2025-09-24 17:49:00,Delivered,Credit Card,48,5,2540,25,0,2565
1025,275,43,2025-05-31 01:54:00,Delivered,Debit Card,60,,858,25,0,883
1026,175,51,2025-07-30 02:33:00,Delivered,Cash,37,,1398,25,50,1373
1027,48,51,2025-03-12 16:38:00,Delivered,UPI,41,3,1565,25,30,1560
1028,41,23,2025-01-26 08:19:00,Delivered,UPI,63,5,1397,30,20,1407
1029,48,30,2025-06-20 08:47:00,Delivered,UPI,24,,984,20,20,984
1030,185,34,2025-10-05 03:16:00,Delivered,Credit Card,23,2,696,25,50,671
1031,65,26,2025-12-16 16:15:00,Rejected,UPI,,,1126,20,20,1126
1032,109,49,2025-12-08 12:12:00,Delivered,Debit Card,40,5,1361,20,50,1331
1033,216,32,2025-11-28 19:31:00,Delivered,UPI,43,3,810,40,0,850
1034,128,26,2025-12-31 01:14:00,Rejected,UPI,,,259,25,0,284
1035,58,60,2025-01-02 20:13:00,Delivered,UPI,44,2,1311,20,75,1256
1036,189,55,2025-07-30 12:42:00,Delivered,Debit Card,46,2,966,25,75,916
1037,125,47,2025-09-08 08:27:00,Delivered,UPI,45,1,741,30,0,771
1038,212,47,2025-05-28 04:18:00,Delivered,Cash,18,5,494,30,50,474
1039,115,19,2025-04-13 22:55:00,Delivered,Cash,42,4,443,20,75,388
1040,121,57,2025-09-06 12:14:00,Rejected,Credit Card,,,1449,30,30,1449
1041,131,16,2025-05-20 21:33:00,Delivered,Cash,19,1,1014,25,75,964
1042,285,49,2025-10-22 16:58:00,Delivered,Cash,51,1,1043,25,0,1068
1043,56,55,2025-08-06 08:44:00,Delivered,Credit Card,58,5,2043,25,0,2068
1044,167,3,2025-06-22 11:30:00,Delivered,Debit Card,49,5,517,40,0,557
1045,119,43,2025-01-23 06:29:00,Delivered,UPI,24,5,837,25,0,862
1046,50,10,2025-05-12 00:58:00,Delivered,UPI,35,4,666,25,30,661
1047,61,24,2025-05-09 19:34:00,Delivered,Credit Card,20,3,276,25,75,226
1048,211,13,2025-02-21 02:32:00,Delivered,Debit Card,18,3,1249,20,50,1219
1049,293,24,2025-12-08 08:12:00,Delivered,Credit Card,32,,138,25,0,163
1050,152,44,2025-02-01 21:28:00,Delivered,Credit Card,20,2,1359,20,75,1304
1051,82,44,2025-07-13 00:10:00,Delivered,Credit Card,61,,659,20,0,679
1052,213,24,2025-08-11 07:44:00,Delivered,Debit Card,63,5,1929,40,0,1969
1053,230,59,2025-03-30 19:53:00,Delivered,Debit Card,38,2,1050,30,20,1060
1054,275,44,2025-02-16 18:07:00,Delivered,Credit Card,21,5,618,40,50,608
1055,70,3,2025-09-23 05:34:00,Delivered,Credit Card,33,,1551,40,0,1591
1056,174,45,2025-10-03 02:16:00,Delivered,Credit Card,29,4,510,20,30,500
1057,76,49,2025-08-15 02:27:00,Delivered,UPI,65,,1043,20,75,988
1058,6,3,2025-12-07 22:01:00,Delivered,UPI,23,5,1551,25,20,1556
1059,51,42,2025-10-03 20:23:00,Delivered,UPI,64,3,1836,30,75,1791
1060,150,22,2025-03-23 02:34:00,Delivered,Cash,36,1,282,40,30,292
1061,22,47,2025-07-14 15:02:00,Delivered,Cash,19,1,247,35,0,282
1062,175,1,2025-07-05 23:33:00,Delivered,Credit Card,43,1,251,30,30,251
1063,117,8,2025-07-09 21:03:00,Delivered,Credit Card,54,1,269,35,0,304
1064,124,36,2025-11-05 19:35:00,Delivered,Debit Card,19,,141,20,0,161
1065,25,1,2025-07-20 08:53:00,Delivered,UPI,34,3,502,25,30,497
1066,100,34,2025-04-07 16:41:00,Delivered,Debit Card,33,1,1284,30,50,1264
1067,88,45,2025-10-20 20:42:00,Delivered,Debit Card,44,1,477,25,0,502
1068,271,59,2025-04-20 03:19:00,Rejected,Debit Card,,,191,35,0,226
1069,200,5,2025-07-01 11:48:00,Delivered,UPI,29,2,1499,20,50,1469
1070,44,47,2025-07-13 09:26:00,Delivered,Debit Card,50,5,786,20,0,806
1071,124,45,2025-12-24 16:33:00,Delivered,Debit Card,39,,477,20,50,447
1072,175,1,2025-05-29 21:40:00,Delivered,Debit Card,33,2,251,40,0,291
1073,162,47,2025-07-22 23:14:00,Delivered,UPI,23,5,1003,40,0,1043
1074,124,49,2025-02-16 20:43:00,Delivered,Credit Card,26,3,636,20,50,606
1075,40,24,2025-11-10 16:31:00,Delivered,Debit Card,42,5,643,20,75,588
1076,16,47,2025-06-21 13:07:00,Delivered,UPI,33,3,1265,40,0,1305
1077,213,24,2025-11-14 21:13:00,Delivered,Debit Card,26,,1515,20,75,1460
1078,64,46,2025-11-24 18:18:00,Delivered,Debit Card,32,5,1276,35,0,1311
1079,88,7,2025-04-21 19:38:00,Delivered,UPI,33,3,916,20,50,886
1080,151,7,2025-09-24 17:26:00,Cancelled,UPI,,,650,35,20,665
1081,223,10,2025-09-23 22:06:00,Delivered,Credit Card,45,,333,20,30,323
1082,105,33,2025-07-19 12:56:00,Delivered,UPI,42,4,1374,25,0,1399
1083,90,31,2025-05-11 10:22:00,Delivered,Cash,50,4,1623,35,20,1638
1084,288,57,2025-03-15 19:13:00,Rejected,Debit Card,,,1450,40,0,1490
1085,271,59,2025-04-10 10:19:00,Delivered,Credit Card,44,2,1098,30,20,1108
1086,10,54,2025-01-25 16:23:00,Rejected,UPI,,,2071,35,0,2106
1087,299,4,2025-07-26 19:45:00,Delivered,Cash,57,4,796,25,30,791
1088,188,54,2025-07-16 20:36:00,Delivered,Debit Card,54,1,1003,25,75,953
1089,115,8,2025-03-14 13:25:00,Delivered,UPI,44,1,848,35,75,808
1090,214,2,2025-11-25 14:11:00,Delivered,Debit Card,53,,800,40,0,840
1091,125,47,2025-12-03 17:48:00,Delivered,Debit Card,18,,1527,40,20,1547
1092,175,1,2025-10-09 04:25:00,Delivered,Debit Card,52,4,889,30,20,899
1093,38,47,2025-01-08 17:30:00,Delivered,UPI,61,,786,30,30,786
1094,173,3,2025-05-09 06:49:00,Delivered,Credit Card,33,3,1051,25,0,1076
1095,4,47,2025-11-04 12:58:00,Cancelled,UPI,,,524,40,0,564
1096,39,47,2025-12-09 06:52:00,Delivered,UPI,21,,756,40,0,796
1097,165,3,2025-08-21 13:49:00,Delivered,Credit Card,55,,2085,25,50,2060
1098,144,32,2025-01-09 15:28:00,Delivered,Debit Card,43,4,568,25,30,563
1099,71,41,2025-01-10 17:51:00,Delivered,Cash,64,4,1014,40,0,1054
1100,135,24,2025-07-23 16:43:00,Delivered,UPI,30,4,138,30,0,168
1101,88,9,2025-06-26 12:06:00,Delivered,UPI,47,2,1302,25,0,1327
1102,195,15,2025-04-23 13:15:00,Delivered,Debit Card,26,5,951,35,0,986
1103,280,25,2025-06-07 08:37:00,Delivered,Credit Card,55,2,1123,30,0,1153
1104,28,4,2025-08-20 06:43:00,Delivered,UPI,43,1,432,35,50,417
1105,263,47,2025-04-06 02:00:00,Delivered,UPI,49,,786,25,0,811
1106,266,43,2025-03-29 18:34:00,Delivered,Cash,64,4,429,40,0,469
1107,59,52,2025-04-01 17:43:00,Rejected,Cash,,,189,40,75,154
1108,231,11,2025-09-10 22:37:00,Delivered,Cash,43,1,916,25,20,921
1109,266,18,2025-01-08 11:48:00,Delivered,Credit Card,23,2,627,30,0,657
1110,82,17,2025-07-21 21:55:00,Delivered,UPI,39,4,600,40,0,640
1111,38,47,2025-02-07 18:08:00,Delivered,Cash,47,,247,35,30,252
1112,278,25,2025-10-07 00:10:00,Delivered,UPI,39,,1557,40,50,1547
1113,129,55,2025-11-28 04:19:00,Cancelled,Debit Card,,,594,30,20,604
1114,280,52,2025-08-23 01:44:00,Delivered,UPI,40,,378,35,20,393
1115,101,46,2025-12-03 05:01:00,Cancelled,Cash,,,1276,35,20,1291
1116,273,42,2025-07-16 17:09:00,Delivered,Cash,50,2,915,40,0,955
1117,253,53,2025-01-20 20:34:00,Delivered,UPI,43,2,1663,30,75,1618
1118,200,19,2025-11-14 10:43:00,Delivered,UPI,19,2,1616,30,0,1646
1119,269,38,2025-08-24 18:25:00,Delivered,Debit Card,57,2,892,25,75,842
1120,100,46,2025-10-21 03:21:00,Delivered,Debit Card,23,3,969,35,0,1004
1121,176,59,2025-03-27 18:10:00,Delivered,Credit Card,62,5,1766,40,50,1756
1122,201,47,2025-07-07 00:41:00,Delivered,Debit Card,42,,1265,30,75,1220
1123,134,31,2025-01-04 06:19:00,Delivered,UPI,61,,856,40,20,876
1124,85,10,2025-04-12 16:53:00,Delivered,Credit Card,35,,215,35,0,250
1125,46,55,2025-05-31 14:06:00,Delivered,Debit Card,30,2,2043,40,0,2083
1126,122,36,2025-08-18 10:02:00,Delivered,Debit Card,27,1,774,35,20,789
1127,271,24,2025-12-23 18:33:00,Delivered,UPI,56,,505,30,0,535
1128,67,31,2025-09-21 16:35:00,Delivered,Debit Card,43,2,1397,40,30,1407
1129,213,59,2025-10-03 14:17:00,Delivered,Credit Card,26,3,2148,35,0,2183
1130,163,60,2025-05-28 05:32:00,Delivered,UPI,23,,437,20,0,457
1131,80,47,2025-07-10 20:14:00,Delivered,Credit Card,22,,524,30,0,554
1132,107,47,2025-06-15 10:30:00,Delivered,Credit Card,58,5,524,30,0,554
1133,267,48,2025-11-12 12:24:00,Delivered,Cash,27,2,1637,35,0,1672
1134,4,47,2025-07-07 16:47:00,Delivered,Debit Card,36,1,786,40,75,751
1135,55,30,2025-03-10 06:53:00,Delivered,Credit Card,56,1,1995,20,0,2015
1136,267,31,2025-08-01 08:31:00,Delivered,Cash,40,2,2479,25,75,2429
1137,93,28,2025-09-03 14:20:00,Delivered,Debit Card,53,4,215,40,0,255
1138,167,4,2025-11-13 02:32:00,Delivered,Cash,42,,364,20,30,354
1139,94,59,2025-03-03 20:30:00,Delivered,Cash,61,4,525,30,0,555
1140,89,4,2025-10-23 18:58:00,Delivered,Cash,28,,796,25,30,791
1141,282,21,2025-05-02 05:20:00,Delivered,Credit Card,54,,669,30,0,699
1142,214,6,2025-09-08 23:41:00,Delivered,Cash,32,4,1624,30,75,1579
1143,130,27,2025-09-13 19:45:00,Delivered,Credit Card,46,5,1353,35,0,1388
1144,83,14,2025-06-19 07:42:00,Cancelled,Cash,,,1508,30,0,1538
1145,297,26,2025-03-08 04:01:00,Delivered,UPI,26,,548,20,0,568
1146,284,40,2025-11-07 21:56:00,Delivered,Cash,40,3,1872,35,0,1907
1147,21,4,2025-01-09 08:19:00,Delivered,Cash,59,5,470,25,0,495
1148,293,24,2025-01-12 04:41:00,Delivered,Debit Card,60,3,1010,40,0,1050
1149,30,26,2025-01-03 18:26:00,Rejected,UPI,,,259,40,0,299
1150,75,43,2025-01-25 20:09:00,Delivered,UPI,31,4,565,40,75,530
1151,46,24,2025-02-27 12:25:00,Delivered,Credit Card,20,1,1929,40,75,1894
1152,225,4,2025-04-12 19:47:00,Delivered,UPI,36,4,614,25,20,619
1153,155,45,2025-02-23 04:48:00,Delivered,Credit Card,24,1,987,30,0,1017
1154,77,60,2025-05-27 12:08:00,Delivered,Credit Card,62,,1311,20,75,1256
1155,110,55,2025-03-07 22:37:00,Delivered,UPI,24,4,594,25,20,599
1156,184,46,2025-06-17 17:23:00,Delivered,Credit Card,31,,630,35,0,665
1157,217,1,2025-07-05 19:10:00,Delivered,Cash,35,5,753,20,20,753
1158,219,56,2025-01-12 13:14:00,Delivered,Debit Card,51,1,1459,20,0,1479
1159,147,11,2025-05-08 01:07:00,Delivered,Debit Card,43,,1220,20,0,1240
1160,227,60,2025-12-13 11:23:00,Delivered,Credit Card,33,1,608,35,0,643
1161,57,24,2025-10-12 01:49:00,Delivered,UPI,20,4,276,35,0,311
1162,47,40,2025-03-24 13:33:00,Delivered,UPI,51,3,1010,20,0,1030
1163,32,42,2025-02-13 06:32:00,Delivered,Cash,24,4,305,20,75,250
1164,148,8,2025-09-29 08:31:00,Delivered,Cash,29,2,579,35,0,614
1165,179,27,2025-09-28 21:22:00,Delivered,Cash,56,1,1029,20,0,1049
1166,102,57,2025-04-13 19:25:00,Delivered,Cash,34,,1451,40,0,1491
1167,269,23,2025-03-12 22:54:00,Delivered,UPI,21,,1183,30,50,1163
1168,13,15,2025-03-01 01:28:00,Delivered,Cash,25,,1485,30,30,1485
1169,121,48,2025-10-10 02:52:00,Delivered,Debit Card,54,2,215,20,0,235
1170,257,14,2025-10-29 09:41:00,Delivered,Cash,43,,831,40,20,851
1171,62,39,2025-07-15 19:35:00,Delivered,UPI,44,,382,35,0,417
1172,26,42,2025-09-03 18:17:00,Delivered,Credit Card,38,2,612,30,0,642
1173,221,26,2025-01-14 06:29:00,Delivered,Cash,52,,578,20,75,523
1174,82,11,2025-11-19 21:40:00,Delivered,UPI,33,5,612,20,50,582
1175,276,48,2025-11-17 18:18:00,Cancelled,UPI,,,430,30,30,430
1176,71,18,2025-03-03 14:56:00,Cancelled,Credit Card,,,1172,25,0,1197
1177,14,32,2025-10-04 01:26:00,Delivered,Cash,60,2,852,20,0,872
1178,207,17,2025-11-28 21:05:00,Cancelled,Cash,,,1326,25,20,1331
1179,201,47,2025-12-07 20:03:00,Delivered,Debit Card,32,3,247,30,20,257
1180,23,59,2025-10-10 20:15:00,Delivered,Debit Card,61,,573,35,0,608
1181,55,51,2025-08-24 18:51:00,Delivered,Cash,29,1,1831,25,50,1806
1182,136,60,2025-08-08 00:17:00,Delivered,Debit Card,27,1,304,35,0,339
1183,82,41,2025-10-24 07:52:00,Delivered,Debit Card,52,1,462,35,30,467
1184,257,31,2025-11-11 01:56:00,Delivered,Debit Card,43,5,2051,20,0,2071
1185,154,24,2025-04-20 03:37:00,Cancelled,Credit Card,,,1424,20,0,1444
1186,110,59,2025-07-28 00:21:00,Delivered,Credit Card,20,,1623,20,0,1643
1187,185,22,2025-06-04 15:09:00,Delivered,UPI,45,1,562,20,75,507
1188,291,34,2025-07-25 02:30:00,Delivered,Cash,65,5,1284,40,30,1294
1189,280,58,2025-01-22 17:34:00,Cancelled,UPI,,,994,20,20,994
1190,139,38,2025-09-22 03:50:00,Delivered,Debit Card,57,4,2727,40,30,2737
1191,128,59,2025-12-23 19:35:00,Delivered,Cash,54,1,1957,20,0,1977
1192,64,46,2025-03-11 23:38:00,Delivered,UPI,61,,1244,30,0,1274
1193,37,40,2025-02-10 13:43:00,Delivered,Credit Card,56,5,817,35,50,802
1194,65,24,2025-09-21 18:16:00,Delivered,UPI,42,1,505,30,30,505
1195,298,12,2025-04-02 01:18:00,Cancelled,Cash,,,1004,20,0,1024
1196,224,22,2025-03-24 00:52:00,Delivered,Debit Card,38,3,984,40,20,1004
1197,158,47,2025-04-24 06:50:00,Delivered,UPI,45,3,1033,25,75,983
1198,215,41,2025-12-25 09:03:00,Delivered,Debit Card,56,2,552,35,0,587
1199,96,16,2025-03-31 04:18:00,Delivered,Cash,45,,1510,30,30,1510
1200,35,36,2025-01-15 03:05:00,Delivered,UPI,23,5,915,20,0,935
1201,243,56,2025-09-22 12:30:00,Delivered,Credit Card,30,,536,20,75,481
1202,140,59,2025-03-11 22:26:00,Delivered,Credit Card,58,,1575,20,0,1595
1203,28,4,2025-09-28 08:14:00,Delivered,Cash,39,3,834,25,0,859
1204,136,50,2025-03-31 09:08:00,Delivered,Credit Card,50,3,1801,35,0,1836
1205,157,58,2025-07-08 09:41:00,Delivered,Credit Card,30,,380,25,0,405
1206,230,55,2025-10-03 19:48:00,Delivered,Cash,61,,966,35,75,926
1207,106,47,2025-12-07 09:41:00,Delivered,Credit Card,49,2,1018,20,50,988
1208,278,10,2025-02-04 19:50:00,Delivered,Credit Card,20,2,645,25,0,670
1209,280,52,2025-03-16 08:39:00,Cancelled,Debit Card,,,189,20,75,134
1210,54,46,2025-02-05 22:55:00,Delivered,Cash,50,1,1260,30,50,1240
1211,185,22,2025-05-15 13:03:00,Delivered,Credit Card,52,,843,40,0,883
1212,231,50,2025-02-24 00:41:00,Delivered,Debit Card,33,1,759,40,50,749
1213,131,48,2025-07-17 19:36:00,Delivered,Credit Card,62,3,926,30,75,881
1214,231,18,2025-05-10 12:14:00,Delivered,UPI,64,,1299,25,75,1249
1215,286,57,2025-04-26 18:28:00,Delivered,Credit Card,33,1,1452,40,20,1472
1216,16,47,2025-03-22 18:13:00,Rejected,UPI,,,262,20,0,282
1217,60,2,2025-04-05 07:11:00,Cancelled,UPI,,,984,35,20,999
1218,59,10,2025-01-16 16:53:00,Delivered,Cash,63,1,215,30,20,225
1219,48,8,2025-02-01 23:15:00,Cancelled,Debit Card,,,1386,20,75,1331
1220,248,32,2025-08-04 17:41:00,Delivered,Debit Card,37,5,554,20,20,554
1221,207,18,2025-01-02 11:52:00,Delivered,Debit Card,65,4,545,20,20,545
1222,222,53,2025-07-19 13:17:00,Delivered,UPI,59,3,1109,30,0,1139
1223,229,27,2025-06-15 03:25:00,Delivered,Debit Card,57,5,972,25,20,977
1224,215,50,2025-04-14 09:35:00,Delivered,Cash,28,4,1548,35,30,1553
1225,285,45,2025-11-22 18:07:00,Delivered,Cash,57,1,1338,20,30,1328
1226,233,34,2025-01-12 22:38:00,Delivered,UPI,23,3,1204,20,30,1194
1227,3,54,2025-07-08 04:04:00,Delivered,Debit Card,39,1,2540,20,50,2510
1228,71,44,2025-06-01 12:38:00,Delivered,UPI,24,5,309,40,50,299
1229,207,18,2025-08-12 08:11:00,Delivered,Cash,39,1,2262,30,0,2292
1230,68,17,2025-10-11 11:43:00,Delivered,Cash,20,5,426,25,0,451
1231,188,42,2025-01-01 22:36:00,Delivered,UPI,22,2,919,25,0,944
1232,70,22,2025-08-29 05:32:00,Delivered,Debit Card,64,,703,40,50,693
1233,265,4,2025-03-24 22:16:00,Delivered,Credit Card,23,4,432,30,0,462
1234,247,24,2025-01-31 11:35:00,Delivered,UPI,23,3,276,20,75,221
1235,45,33,2025-04-06 13:05:00,Delivered,UPI,65,4,287,20,0,307
1236,237,24,2025-08-09 18:20:00,Delivered,UPI,48,1,919,25,75,869
1237,291,46,2025-08-28 13:37:00,Delivered,Credit Card,44,5,937,20,30,927
1238,264,26,2025-08-31 06:51:00,Delivered,UPI,31,,578,30,0,608
1239,79,33,2025-10-15 21:39:00,Delivered,Credit Card,22,3,916,30,30,916
1240,124,13,2025-03-19 13:33:00,Delivered,Debit Card,52,4,1751,30,30,1751
1241,258,31,2025-10-08 09:11:00,Delivered,Credit Card,42,,2051,30,0,2081
1242,28,34,2025-08-16 08:45:00,Delivered,Debit Card,46,3,856,25,0,881
1243,290,26,2025-01-05 19:02:00,Delivered,Debit Card,38,4,548,20,0,568
1244,237,59,2025-02-18 19:43:00,Delivered,Debit Card,36,4,1098,20,20,1098
1245,190,5,2025-06-11 08:44:00,Cancelled,Credit Card,,,1341,25,0,1366
1246,225,22,2025-10-17 11:55:00,Rejected,UPI,,,843,20,0,863
1247,164,3,2025-06-22 06:55:00,Delivered,Credit Card,40,,1301,30,0,1331
1248,253,3,2025-08-15 22:12:00,Delivered,Cash,56,3,1818,20,0,1838
1249,202,12,2025-12-13 19:13:00,Rejected,UPI,,,360,30,0,390
1250,65,24,2025-04-20 13:02:00,Delivered,Debit Card,22,3,414,30,30,414
1251,90,48,2025-07-03 11:48:00,Delivered,Debit Card,61,2,430,20,0,450
1252,31,39,2025-09-07 18:36:00,Delivered,UPI,43,5,1146,35,50,1131
1253,225,34,2025-05-15 01:49:00,Delivered,Credit Card,48,2,1044,30,0,1074
1254,298,13,2025-04-26 00:00:00,Delivered,Cash,42,,1004,20,0,1024
1255,83,57,2025-06-28 00:04:00,Delivered,Cash,38,4,483,35,30,488
1256,131,20,2025-10-26 01:40:00,Delivered,Credit Card,32,,638,20,30,628
1257,21,53,2025-08-04 21:02:00,Delivered,UPI,58,,693,20,0,713
1258,197,19,2025-08-16 07:50:00,Delivered,UPI,36,,2424,40,20,2444
1259,166,26,2025-02-14 05:37:00,Delivered,Cash,37,1,578,25,75,528
1260,5,47,2025-08-23 11:22:00,Delivered,UPI,34,4,262,35,0,297
1261,47,33,2025-03-24 07:45:00,Delivered,UPI,29,2,287,30,30,287
1262,64,46,2025-10-21 15:46:00,Delivered,Debit Card,54,1,323,40,0,363
1263,171,45,2025-10-09 02:46:00,Delivered,Debit Card,54,,1497,40,0,1537
1264,26,28,2025-05-02 15:34:00,Delivered,Credit Card,22,4,215,40,0,255
1265,170,22,2025-01-28 21:06:00,Rejected,Credit Card,,,281,20,0,301
1266,91,46,2025-04-20 19:18:00,Delivered,Credit Card,26,2,323,30,0,353
1267,250,55,2025-12-02 06:46:00,Delivered,UPI,22,3,891,25,50,866
1268,7,20,2025-01-19 20:13:00,Rejected,Debit Card,,,152,25,50,127
1269,225,34,2025-07-03 04:44:00,Delivered,Credit Card,41,1,696,30,0,726
1270,209,22,2025-07-22 06:00:00,Delivered,UPI,40,5,562,35,0,597
1271,204,27,2025-02-19 19:34:00,Delivered,UPI,61,2,972,20,20,972
1272,153,39,2025-11-08 01:55:00,Cancelled,Credit Card,,,764,25,75,714
1273,278,25,2025-02-04 19:24:00,Delivered,Credit Card,54,2,1038,20,30,1028
1274,29,22,2025-07-27 17:56:00,Delivered,Cash,43,1,422,40,30,432
1275,202,13,2025-07-05 01:19:00,Delivered,Debit Card,37,4,2004,40,75,1969
1276,97,53,2025-04-26 18:26:00,Delivered,Debit Card,59,2,1178,25,20,1183
1277,61,24,2025-06-01 04:16:00,Delivered,Cash,60,3,919,40,75,884
1278,263,47,2025-10-01 23:31:00,Cancelled,UPI,,,1280,20,50,1250
1279,293,59,2025-05-15 07:12:00,Delivered,Credit Card,26,,1957,20,0,1977
1280,273,23,2025-04-26 07:16:00,Cancelled,UPI,,,323,30,75,278
1281,271,59,2025-07-27 00:23:00,Rejected,Debit Card,,,2148,30,20,2158
1282,170,34,2025-07-25 18:45:00,Cancelled,Debit Card,,,1204,30,30,1204
1283,242,12,2025-07-21 12:59:00,Delivered,Cash,22,3,360,30,0,390
1284,190,1,2025-10-02 22:58:00,Delivered,Debit Card,57,,631,40,0,671
1285,166,55,2025-10-22 12:25:00,Delivered,Cash,29,2,966,25,0,991
1286,189,24,2025-05-17 05:24:00,Delivered,Debit Card,21,,1148,20,0,1168
1287,163,35,2025-04-20 22:51:00,Delivered,Cash,32,4,1419,20,0,1439
1288,274,58,2025-12-18 23:07:00,Delivered,Debit Card,28,1,702,40,20,722
1289,48,27,2025-05-24 10:10:00,Delivered,Debit Card,65,,1677,35,0,1712
1290,58,44,2025-04-10 20:10:00,Delivered,UPI,62,3,700,35,20,715
1291,68,60,2025-08-09 12:43:00,Delivered,Credit Card,30,1,1311,30,75,1266
1292,79,40,2025-10-02 02:01:00,Cancelled,Debit Card,,,624,35,75,584
1293,92,20,2025-02-03 09:11:00,Delivered,Credit Card,25,5,1124,40,75,1089
1294,45,40,2025-03-26 01:12:00,Delivered,Cash,57,2,1872,25,30,1867
1295,249,31,2025-06-26 04:46:00,Delivered,Debit Card,60,2,428,35,0,463
1296,98,45,2025-11-05 19:11:00,Delivered,Debit Card,48,2,828,35,0,863
1297,260,28,2025-01-18 15:25:00,Delivered,UPI,53,,586,40,20,606
1298,62,48,2025-03-23 06:24:00,Delivered,UPI,49,4,645,40,0,685
1299,286,57,2025-10-14 20:11:00,Delivered,Cash,60,,1934,25,0,1959
1300,227,35,2025-03-09 04:13:00,Rejected,Credit Card,,,473,40,0,513
1301,55,51,2025-11-08 09:16:00,Rejected,Debit Card,,,433,30,20,443
1302,30,59,2025-04-04 19:21:00,Delivered,UPI,42,4,1575,20,30,1565
1303,29,22,2025-07-23 21:50:00,Delivered,UPI,33,3,281,40,0,321
1304,77,11,2025-12-04 02:14:00,Delivered,Credit Card,43,5,1374,35,50,1359
1305,188,38,2025-02-02 10:46:00,Delivered,Cash,20,3,1389,20,0,1409
1306,45,39,2025-05-18 02:04:00,Delivered,Debit Card,39,1,1590,25,30,1585
1307,165,34,2025-10-08 15:22:00,Delivered,UPI,48,,696,25,20,701
1308,82,11,2025-02-06 19:55:00,Delivered,UPI,26,,608,20,0,628
1309,293,26,2025-08-09 19:25:00,Delivered,Cash,43,5,807,35,20,822
1310,119,17,2025-11-05 05:08:00,Delivered,Cash,61,,1326,35,0,1361
1311,122,9,2025-11-20 21:36:00,Cancelled,Debit Card,,,1302,20,50,1272
1312,196,13,2025-06-08 06:01:00,Cancelled,Debit Card,,,249,25,0,274
1313,82,17,2025-10-28 02:22:00,Delivered,Debit Card,49,,884,20,50,854
1314,26,10,2025-03-13 13:35:00,Delivered,Debit Card,37,4,1311,40,20,1331
1315,159,1,2025-08-03 06:24:00,Cancelled,Cash,,,502,20,0,522
1316,209,4,2025-06-30 10:44:00,Delivered,Credit Card,20,4,652,20,0,672
1317,290,55,2025-03-12 18:44:00,Delivered,Debit Card,31,3,1560,20,0,1580
1318,271,26,2025-08-25 13:43:00,Delivered,Debit Card,33,,1355,30,0,1385
1319,212,47,2025-05-07 09:21:00,Delivered,Debit Card,65,3,741,20,20,741
1320,292,60,2025-10-29 07:48:00,Delivered,Debit Card,35,3,608,30,0,638
1321,270,58,2025-12-03 22:35:00,Delivered,Credit Card,21,5,1374,40,50,1364
1322,273,58,2025-09-25 18:54:00,Cancelled,UPI,,,380,20,75,325
1323,293,59,2025-03-08 01:44:00,Delivered,Cash,20,3,2148,35,0,2183
1324,173,34,2025-10-27 04:54:00,Delivered,UPI,33,3,1204,25,50,1179
1325,115,27,2025-01-28 00:09:00,Cancelled,Debit Card,,,343,25,50,318
1326,237,55,2025-07-21 11:33:00,Delivered,Cash,30,3,1746,40,0,1786
1327,36,47,2025-12-28 11:35:00,Delivered,Debit Card,62,4,262,25,30,257
1328,282,28,2025-01-25 06:18:00,Cancelled,Credit Card,,,508,25,0,533
1329,235,22,2025-04-04 08:26:00,Delivered,UPI,19,4,704,30,50,684
1330,73,27,2025-05-24 12:48:00,Delivered,UPI,27,,648,30,0,678
1331,239,22,2025-04-07 01:19:00,Delivered,Debit Card,21,5,984,40,0,1024
1332,217,19,2025-06-23 05:28:00,Delivered,Credit Card,30,5,365,25,0,390
1333,69,55,2025-07-25 18:06:00,Delivered,UPI,32,2,1263,20,50,1233
1334,220,37,2025-07-06 00:28:00,Delivered,Credit Card,48,3,862,30,0,892
1335,29,3,2025-03-30 07:47:00,Delivered,Debit Card,49,1,801,25,0,826
1336,66,52,2025-06-01 14:04:00,Cancelled,UPI,,,567,25,0,592
1337,68,35,2025-01-27 11:03:00,Delivered,Cash,34,5,2460,35,0,2495
1338,134,39,2025-02-24 19:50:00,Delivered,Credit Card,34,3,530,35,50,515
1339,76,13,2025-09-16 02:11:00,Delivered,UPI,55,,2004,30,30,2004
1340,76,9,2025-09-06 07:40:00,Delivered,UPI,29,1,434,40,20,454
1341,263,47,2025-05-01 22:22:00,Rejected,Cash,,,524,20,75,469
1342,249,32,2025-12-22 01:51:00,Delivered,Credit Card,56,1,1392,20,20,1392
1343,53,7,2025-03-31 04:57:00,Delivered,Cash,65,2,650,30,0,680
1344,74,6,2025-07-12 05:24:00,Delivered,Debit Card,55,,2172,20,50,2142
1345,277,51,2025-04-11 06:18:00,Delivered,Cash,19,5,1398,20,75,1343
1346,86,47,2025-07-11 19:43:00,Delivered,Debit Card,22,3,494,30,30,494
1347,94,59,2025-08-07 20:42:00,Delivered,Debit Card,44,2,907,25,0,932
1348,291,4,2025-01-09 13:05:00,Cancelled,Debit Card,,,546,25,0,571
1349,189,26,2025-03-19 18:18:00,Delivered,Debit Card,44,2,837,25,20,842
1350,79,57,2025-07-29 05:52:00,Delivered,Debit Card,60,,968,35,0,1003
1351,172,55,2025-11-16 16:01:00,Delivered,Debit Card,24,1,297,30,30,297
1352,274,23,2025-12-27 05:04:00,Delivered,UPI,29,,323,30,50,303
1353,152,50,2025-12-06 03:45:00,Delivered,Credit Card,45,5,769,40,0,809
1354,272,55,2025-05-15 17:34:00,Delivered,Debit Card,37,,594,25,30,589
1355,258,40,2025-08-15 20:33:00,Delivered,Debit Card,51,4,1679,20,30,1669
1356,223,21,2025-04-22 09:42:00,Delivered,Credit Card,63,,270,25,0,295
1357,9,32,2025-12-20 02:02:00,Delivered,Debit Card,52,1,824,40,20,844
1358,79,39,2025-10-29 19:38:00,Rejected,Debit Card,,,1146,25,0,1171
1359,282,10,2025-01-30 07:56:00,Delivered,Cash,19,,333,20,0,353
1360,101,53,2025-03-24 17:21:00,Delivered,Cash,30,,1455,20,0,1475
1361,92,32,2025-05-06 16:57:00,Delivered,UPI,40,2,838,35,30,843
1362,222,4,2025-08-23 13:59:00,Delivered,Credit Card,29,,432,25,0,457
1363,248,39,2025-02-12 16:21:00,Delivered,Cash,29,1,1590,30,75,1545
1364,56,24,2025-02-08 06:09:00,Delivered,Credit Card,30,,414,40,75,379
1365,261,26,2025-06-28 05:29:00,Delivered,UPI,51,1,807,20,20,807
1366,190,51,2025-10-25 05:00:00,Delivered,UPI,59,,1299,25,20,1304
1367,228,47,2025-03-01 14:58:00,Delivered,UPI,40,,1265,35,0,1300
1368,9,20,2025-12-26 12:24:00,Delivered,Cash,52,2,1276,25,0,1301
1369,260,54,2025-10-17 05:21:00,Delivered,Debit Card,60,1,3009,20,20,3009
1370,138,57,2025-09-01 04:48:00,Delivered,Cash,55,,2901,35,20,2916
1371,12,47,2025-10-11 19:29:00,Delivered,Cash,34,5,1033,25,75,983
1372,259,32,2025-02-27 13:29:00,Delivered,Cash,51,,1662,40,75,1627
1373,274,15,2025-07-14 09:49:00,Delivered,UPI,34,1,456,30,0,486
1374,61,24,2025-03-25 12:08:00,Rejected,UPI,,,1929,20,0,1949
1375,279,7,2025-05-19 17:53:00,Delivered,UPI,32,5,788,35,0,823
1376,277,27,2025-05-02 19:38:00,Delivered,Debit Card,65,,667,35,75,627
1377,190,1,2025-01-25 00:13:00,Delivered,Debit Card,64,4,753,25,0,778
1378,184,34,2025-05-30 03:35:00,Delivered,Credit Card,46,,1632,40,75,1597
1379,246,2,2025-12-01 03:33:00,Delivered,Cash,59,,1200,25,20,1205
1380,191,6,2025-01-25 07:17:00,Cancelled,Debit Card,,,1448,30,50,1428
1381,176,59,2025-10-14 12:52:00,Cancelled,Credit Card,,,716,20,0,736
1382,177,46,2025-11-02 13:55:00,Delivered,Debit Card,45,,307,40,0,347
1383,170,4,2025-04-21 20:41:00,Delivered,Cash,19,3,796,30,0,826
1384,115,27,2025-08-12 10:10:00,Delivered,Credit Card,52,1,1334,30,0,1364
1385,53,7,2025-12-26 19:03:00,Delivered,Credit Card,43,2,1182,35,0,1217
1386,74,37,2025-09-11 05:27:00,Delivered,Credit Card,57,3,1286,30,0,1316
1387,178,21,2025-12-31 10:06:00,Delivered,Debit Card,49,1,763,40,75,728
1388,25,8,2025-06-07 19:05:00,Delivered,Cash,37,2,731,35,75,691
1389,271,55,2025-02-27 14:07:00,Delivered,Debit Card,62,,2043,25,0,2068
1390,171,9,2025-09-08 16:34:00,Delivered,Credit Card,25,4,1302,25,0,1327
1391,267,56,2025-04-04 13:59:00,Delivered,Cash,50,2,268,35,30,273
1392,244,4,2025-01-05 09:52:00,Delivered,Credit Card,38,3,364,30,20,374
1393,168,58,2025-04-19 10:46:00,Delivered,UPI,24,1,994,30,75,949
1394,196,37,2025-02-14 23:30:00,Delivered,Cash,28,4,260,25,75,210
1395,203,5,2025-10-28 19:36:00,Delivered,Cash,58,,2919,40,30,2929
1396,15,53,2025-01-19 03:03:00,Delivered,Debit Card,48,1,485,20,50,455
1397,44,47,2025-12-06 16:18:00,Cancelled,Credit Card,,,1527,40,0,1567
1398,235,46,2025-07-09 14:10:00,Delivered,Debit Card,49,5,1244,25,0,1269
1399,37,40,2025-10-26 14:46:00,Delivered,UPI,26,5,431,35,0,466
1400,169,51,2025-10-25 16:19:00,Cancelled,Debit Card,,,965,35,75,925
1401,82,50,2025-07-20 16:06:00,Delivered,Credit Card,58,5,1801,25,30,1796
1402,252,45,2025-02-10 08:58:00,Delivered,UPI,19,,1020,35,30,1025
1403,25,8,2025-06-11 04:35:00,Delivered,Cash,55,3,807,40,30,817
1404,11,40,2025-01-07 21:20:00,Delivered,Cash,19,,579,25,75,529
1405,300,6,2025-01-06 07:54:00,Delivered,Cash,37,3,1624,20,30,1614
1406,31,48,2025-06-17 17:51:00,Delivered,UPI,20,1,215,35,0,250
1407,206,17,2025-06-25 22:50:00,Delivered,Cash,31,4,300,25,50,275
1408,179,27,2025-11-03 12:36:00,Delivered,Debit Card,33,,1029,30,30,1029
1409,165,34,2025-02-16 11:40:00,Cancelled,Cash,,,1044,30,75,999
1410,198,39,2025-05-03 18:31:00,Delivered,Debit Card,40,,764,30,0,794
1411,202,49,2025-01-22 21:08:00,Delivered,Credit Card,48,4,954,40,20,974
1412,194,34,2025-01-03 10:58:00,Delivered,Credit Card,51,3,776,20,30,766
1413,237,55,2025-11-21 06:21:00,Delivered,Debit Card,44,,483,20,0,503
1414,287,50,2025-01-01 04:31:00,Rejected,UPI,,,1285,35,0,1320
1415,261,24,2025-05-15 20:16:00,Delivered,Cash,25,5,505,20,30,495
1416,211,49,2025-01-23 13:31:00,Delivered,UPI,54,5,1450,20,75,1395
1417,122,13,2025-10-03 23:57:00,Delivered,Cash,25,2,1506,40,0,1546
1418,55,51,2025-07-16 08:49:00,Delivered,UPI,30,2,266,40,20,286
1419,227,41,2025-09-20 07:46:00,Delivered,Cash,36,,338,20,30,328
1420,7,56,2025-02-27 11:12:00,Delivered,Cash,19,2,1062,20,0,1082
1421,35,7,2025-04-30 02:39:00,Delivered,Debit Card,46,1,522,35,50,507
1422,140,24,2025-10-17 06:10:00,Delivered,Credit Card,53,1,1653,25,75,1603
1423,142,47,2025-01-15 18:46:00,Delivered,Cash,27,,509,30,0,539
1424,254,35,2025-03-15 05:18:00,Delivered,Credit Card,29,1,473,30,20,483
1425,270,38,2025-02-20 22:24:00,Delivered,Cash,18,4,909,20,30,899
1426,172,26,2025-07-20 13:46:00,Delivered,Debit Card,30,5,578,35,20,593
1427,161,3,2025-01-31 03:31:00,Delivered,Debit Card,54,,267,40,20,287
1428,46,26,2025-01-18 20:28:00,Delivered,UPI,24,4,259,35,20,274
1429,73,5,2025-03-03 00:51:00,Delivered,Debit Card,63,,2025,25,30,2020
1430,36,47,2025-01-04 14:16:00,Delivered,Cash,21,,524,30,75,479
1431,68,18,2025-07-04 04:05:00,Delivered,UPI,27,2,2262,20,30,2252
1432,140,55,2025-08-17 15:56:00,Delivered,UPI,31,4,780,35,20,795
1433,41,58,2025-08-27 19:52:00,Delivered,UPI,61,3,848,25,0,873
1434,55,27,2025-12-08 03:20:00,Cancelled,UPI,,,972,35,75,932
1435,147,60,2025-10-02 13:16:00,Delivered,Cash,50,2,608,20,0,628
1436,257,48,2025-05-18 09:29:00,Delivered,Credit Card,46,,1488,20,20,1488
1437,150,46,2025-10-18 04:05:00,Delivered,UPI,21,5,969,25,75,919
1438,102,33,2025-04-28 08:34:00,Delivered,Cash,35,1,287,40,30,297
1439,211,13,2025-05-21 13:11:00,Delivered,UPI,28,2,1506,25,75,1456
1440,8,28,2025-06-18 00:56:00,Delivered,Credit Card,18,1,1524,35,20,1539
1441,123,49,2025-02-26 19:00:00,Delivered,UPI,25,4,954,20,20,954
1442,291,53,2025-11-18 04:52:00,Delivered,Cash,30,,1663,30,0,1693
1443,279,6,2025-10-08 13:30:00,Rejected,Cash,,,176,20,30,166
1444,264,55,2025-12-17 07:15:00,Delivered,UPI,64,,1374,30,0,1404
1445,285,13,2025-12-22 08:21:00,Delivered,Debit Card,27,,1506,20,0,1526
1446,186,5,2025-06-15 07:17:00,Delivered,UPI,46,5,1946,35,0,1981
1447,28,3,2025-01-30 17:08:00,Delivered,UPI,26,5,517,25,30,512
1448,229,27,2025-05-28 00:09:00,Rejected,Cash,,,1029,30,30,1029
1449,36,47,2025-05-15 22:20:00,Cancelled,Cash,,,741,25,20,746
1450,160,20,2025-04-24 11:29:00,Delivered,Debit Card,23,1,486,40,0,526
1451,215,17,2025-11-18 05:50:00,Delivered,Debit Card,40,3,742,40,0,782
1452,113,14,2025-05-16 13:26:00,Delivered,UPI,26,5,154,20,0,174
1453,90,31,2025-03-07 18:47:00,Rejected,Cash,,,541,25,0,566
1454,136,50,2025-07-11 00:31:00,Delivered,Cash,38,3,2054,25,0,2079
1455,226,47,2025-04-23 20:19:00,Delivered,UPI,24,3,524,35,50,509
1456,105,32,2025-09-09 04:16:00,Delivered,Cash,23,4,540,20,50,510
1457,65,59,2025-12-09 05:25:00,Delivered,UPI,50,4,716,30,0,746
1458,227,43,2025-10-07 14:32:00,Delivered,Debit Card,57,4,408,20,50,378
1459,107,47,2025-01-08 01:26:00,Rejected,UPI,,,509,25,0,534
1460,140,26,2025-06-07 01:19:00,Delivered,Cash,53,1,578,35,75,538
1461,130,27,2025-07-02 05:22:00,Delivered,Credit Card,19,,667,40,20,687
1462,101,46,2025-10-09 02:33:00,Delivered,Credit Card,18,,953,40,75,918
1463,148,27,2025-09-15 05:46:00,Delivered,Debit Card,55,,648,30,75,603
1464,10,28,2025-02-20 03:02:00,Delivered,Credit Card,41,3,293,20,0,313
1465,206,11,2025-06-09 19:47:00,Cancelled,Cash,,,608,25,0,633
1466,259,39,2025-01-28 01:12:00,Delivered,Credit Card,24,5,382,30,0,412
1467,7,31,2025-06-02 15:52:00,Delivered,UPI,62,1,2051,35,0,2086
1468,182,47,2025-09-17 08:06:00,Delivered,Debit Card,58,5,1003,20,0,1023
1469,225,22,2025-04-25 10:33:00,Delivered,UPI,19,2,703,40,75,668
1470,29,53,2025-04-27 14:07:00,Cancelled,UPI,,,1594,25,0,1619
1471,104,58,2025-11-02 18:40:00,Rejected,Debit Card,,,1082,35,0,1117
1472,117,1,2025-08-18 13:35:00,Delivered,UPI,29,,502,35,75,462
1473,257,14,2025-01-08 05:41:00,Delivered,Debit Card,30,,1046,25,0,1071
1474,63,39,2025-10-27 01:50:00,Rejected,Cash,,,2206,35,0,2241
1475,200,51,2025-08-15 21:43:00,Delivered,Cash,57,2,1132,20,75,1077
1476,209,22,2025-03-16 12:04:00,Delivered,UPI,31,1,984,20,30,974
1477,276,31,2025-10-23 04:18:00,Delivered,Debit Card,50,1,541,35,30,546
1478,39,47,2025-06-11 07:02:00,Delivered,Debit Card,22,3,1003,25,50,978
1479,169,5,2025-06-08 17:05:00,Delivered,Debit Card,19,,1499,35,30,1504
1480,300,36,2025-03-04 10:30:00,Delivered,Debit Card,38,,423,20,20,423
1481,253,22,2025-02-20 04:14:00,Delivered,Cash,50,3,704,40,20,724
1482,83,31,2025-07-16 00:09:00,Delivered,Debit Card,45,,1938,25,0,1963
1483,184,3,2025-08-15 03:01:00,Delivered,UPI,50,3,2352,25,20,2357
1484,32,23,2025-02-20 15:20:00,Delivered,Credit Card,51,2,2043,30,50,2023
1485,236,7,2025-07-16 01:10:00,Delivered,Debit Card,34,,650,40,30,660
1486,154,24,2025-08-18 13:27:00,Delivered,UPI,46,4,276,20,75,221
1487,106,47,2025-04-17 23:35:00,Rejected,Cash,,,1280,25,0,1305
1488,271,59,2025-09-16 15:38:00,Delivered,UPI,34,5,1098,30,75,1053
1489,190,51,2025-05-01 08:00:00,Delivered,UPI,61,5,266,40,20,286
1490,43,8,2025-11-02 14:27:00,Cancelled,UPI,,,924,20,50,894
1491,243,48,2025-11-01 14:31:00,Delivered,Debit Card,34,1,1488,30,0,1518
1492,93,42,2025-04-18 12:47:00,Delivered,Cash,64,1,921,25,20,926
1493,53,6,2025-02-08 14:53:00,Delivered,Cash,45,4,548,20,75,493
1494,151,7,2025-11-12 17:23:00,Delivered,Debit Card,53,5,788,25,0,813
1495,218,60,2025-01-05 06:37:00,Delivered,Credit Card,29,2,570,35,0,605
1496,254,17,2025-02-01 13:34:00,Delivered,UPI,46,1,284,25,20,289
1497,21,22,2025-12-17 00:02:00,Delivered,Credit Card,31,4,562,35,30,567
1498,115,51,2025-02-27 14:10:00,Delivered,Cash,45,,1299,20,50,1269
1499,204,51,2025-06-16 08:03:00,Delivered,Debit Card,57,,2097,25,0,2122
1500,237,26,2025-09-10 05:34:00,Delivered,Credit Card,54,4,777,20,0,797
1501,289,47,2025-01-31 04:53:00,Delivered,Cash,46,3,247,40,50,237
1502,156,8,2025-04-16 18:31:00,Delivered,Debit Card,19,1,1117,35,0,1152
1503,212,47,2025-03-28 01:34:00,Delivered,UPI,54,,262,25,75,212
1504,40,55,2025-06-03 07:39:00,Delivered,Debit Card,52,1,297,30,0,327
1505,127,9,2025-03-30 00:10:00,Delivered,UPI,20,3,1602,25,0,1627
1506,146,33,2025-12-16 01:14:00,Delivered,Debit Card,62,,287,25,0,312
1507,127,36,2025-03-25 18:27:00,Delivered,UPI,40,5,141,30,75,96
1508,139,15,2025-03-24 18:03:00,Delivered,Debit Card,56,5,495,25,0,520
1509,255,36,2025-04-12 02:30:00,Delivered,Debit Card,35,1,915,40,0,955
1510,230,55,2025-11-15 03:37:00,Delivered,Cash,46,2,966,25,50,941
1511,206,18,2025-08-05 08:30:00,Delivered,Cash,34,2,545,35,75,505
1512,118,3,2025-01-03 18:37:00,Delivered,Debit Card,38,,1318,20,0,1338
1513,182,47,2025-06-19 11:00:00,Delivered,Debit Card,31,2,524,25,50,499
1514,26,52,2025-08-15 15:58:00,Delivered,Credit Card,34,2,371,40,30,381
1515,121,32,2025-11-18 21:20:00,Delivered,UPI,55,1,824,35,50,809
1516,196,49,2025-04-12 06:56:00,Delivered,Credit Card,55,5,1768,20,0,1788
1517,175,19,2025-10-05 21:18:00,Rejected,Debit Card,,,1329,40,75,1294
1518,184,53,2025-09-27 16:12:00,Delivered,Credit Card,38,4,485,20,50,455
1519,261,55,2025-07-23 15:08:00,Delivered,Credit Card,41,2,2043,25,30,2038
1520,82,18,2025-04-04 11:00:00,Delivered,Credit Card,40,,963,40,20,983
1521,97,46,2025-05-09 05:41:00,Delivered,Credit Card,28,3,969,40,0,1009
1522,6,3,2025-11-07 22:41:00,Delivered,Credit Card,62,2,1568,20,30,1558
1523,185,34,2025-04-10 05:04:00,Delivered,Debit Card,59,2,1044,20,30,1034
1524,113,31,2025-07-09 06:34:00,Delivered,Credit Card,28,4,1284,25,20,1289
1525,3,10,2025-08-03 00:59:00,Delivered,Cash,49,3,1214,35,75,1174
1526,29,34,2025-08-12 04:25:00,Delivered,Debit Card,18,3,428,25,0,453
1527,217,1,2025-08-16 13:42:00,Delivered,Credit Card,61,2,1140,30,0,1170
1528,48,19,2025-06-03 04:12:00,Delivered,Cash,40,3,730,25,20,735
1529,241,57,2025-07-18 16:23:00,Delivered,Cash,20,2,1933,30,20,1943
1530,36,47,2025-06-17 10:06:00,Delivered,Cash,19,,1265,25,0,1290
1531,87,47,2025-10-14 07:28:00,Delivered,Debit Card,22,,524,30,20,534
1532,172,26,2025-09-14 12:36:00,Delivered,UPI,28,3,807,40,30,817
1533,22,47,2025-12-19 14:11:00,Delivered,Cash,64,1,786,30,0,816
1534,257,33,2025-11-17 10:30:00,Delivered,Debit Card,29,3,1374,40,0,1414
1535,17,47,2025-09-02 17:04:00,Delivered,Cash,21,4,247,35,30,252
1536,268,35,2025-05-22 06:29:00,Delivered,Cash,23,4,1640,25,50,1615
1537,199,47,2025-07-26 17:59:00,Delivered,UPI,41,1,756,35,50,741
1538,86,47,2025-01-06 16:19:00,Delivered,Cash,59,,756,35,75,716
1539,220,2,2025-06-22 01:14:00,Delivered,Cash,35,,400,35,20,415
1540,226,47,2025-01-12 12:30:00,Delivered,UPI,53,,524,35,75,484
1541,244,46,2025-11-25 08:49:00,Delivered,UPI,50,5,1583,40,75,1548
1542,24,36,2025-08-30 06:36:00,Delivered,Debit Card,61,,1758,30,75,1713
1543,12,47,2025-10-20 04:08:00,Delivered,Cash,21,5,1527,35,0,1562
1544,209,34,2025-04-16 05:53:00,Delivered,UPI,43,,428,40,30,438
1545,91,46,2025-11-12 02:43:00,Rejected,Credit Card,,,1583,30,75,1538
1546,105,31,2025-08-26 02:29:00,Delivered,UPI,52,3,2366,25,0,2391
1547,106,47,2025-02-14 21:49:00,Delivered,Debit Card,37,5,524,30,75,479
1548,290,59,2025-08-19 00:24:00,Delivered,UPI,57,5,1432,40,30,1442
1549,84,47,2025-04-29 17:58:00,Delivered,Debit Card,60,,786,20,20,786
1550,276,16,2025-08-01 15:32:00,Delivered,UPI,42,3,992,40,30,1002
1551,27,3,2025-07-14 20:54:00,Delivered,Credit Card,59,3,1034,20,0,1054
1552,244,3,2025-11-03 04:26:00,Delivered,UPI,46,,1551,40,0,1591
1553,266,17,2025-08-21 05:25:00,Delivered,Credit Card,56,,600,40,0,640
1554,16,47,2025-08-23 04:33:00,Delivered,Debit Card,54,4,1265,20,20,1265
1555,58,60,2025-07-17 03:10:00,Delivered,Cash,43,5,133,25,30,128
1556,62,40,2025-01-30 20:48:00,Delivered,Cash,30,3,1441,35,50,1426
1557,95,47,2025-06-21 16:43:00,Delivered,Cash,18,1,1003,30,0,1033
1558,209,46,2025-01-10 18:05:00,Cancelled,Credit Card,,,646,25,0,671
1559,94,55,2025-10-19 14:25:00,Delivered,UPI,33,4,594,25,20,599
1560,163,18,2025-12-20 09:02:00,Delivered,Credit Card,62,,1508,20,0,1528
1561,205,12,2025-09-19 17:09:00,Delivered,Cash,49,3,502,25,0,527
1562,220,2,2025-07-15 12:51:00,Delivered,Cash,36,2,1876,25,50,1851
1563,26,25,2025-04-06 19:33:00,Delivered,Credit Card,44,2,1038,35,0,1073
1564,233,46,2025-10-26 13:11:00,Delivered,Debit Card,42,5,307,30,75,262
1565,284,40,2025-07-24 17:32:00,Delivered,Cash,46,3,624,30,30,624
1566,89,3,2025-09-25 08:57:00,Delivered,Credit Card,24,5,517,25,20,522
1567,6,3,2025-01-03 02:18:00,Delivered,Cash,43,5,801,25,75,751
1568,18,32,2025-10-16 02:13:00,Delivered,UPI,31,5,1662,35,0,1697
1569,17,47,2025-11-26 10:53:00,Delivered,Debit Card,28,,247,30,30,247
1570,78,11,2025-09-23 05:14:00,Delivered,Credit Card,19,4,1070,40,30,1080
1571,206,18,2025-10-19 17:58:00,Rejected,UPI,,,754,35,50,739
1572,187,9,2025-11-18 00:28:00,Delivered,Cash,24,,1602,30,75,1557
1573,4,47,2025-05-07 09:31:00,Delivered,Credit Card,38,1,741,40,0,781
1574,208,16,2025-01-07 01:31:00,Delivered,Credit Card,59,4,1499,40,75,1464
1575,92,14,2025-03-17 22:21:00,Delivered,UPI,55,4,1046,20,0,1066
1576,153,20,2025-05-31 09:17:00,Delivered,Debit Card,53,3,1428,40,20,1448
1577,66,23,2025-06-11 02:59:00,Rejected,UPI,,,1506,20,75,1451
1578,242,2,2025-12-19 17:54:00,Delivered,Debit Card,23,2,492,30,0,522
1579,197,5,2025-05-11 01:38:00,Delivered,Debit Card,50,3,894,35,0,929
1580,139,54,2025-07-20 21:23:00,Delivered,UPI,43,4,1537,40,0,1577
1581,7,32,2025-06-13 09:07:00,Delivered,UPI,33,5,270,40,0,310
1582,108,27,2025-07-15 12:49:00,Delivered,UPI,33,5,1658,40,30,1668
1583,7,20,2025-07-20 10:10:00,Delivered,Debit Card,23,,1914,25,75,1864
1584,105,31,2025-06-25 23:26:00,Delivered,UPI,30,4,2907,20,75,2852
1585,222,34,2025-01-22 16:46:00,Rejected,Cash,,,348,20,30,338
1586,48,27,2025-12-21 20:56:00,Rejected,Credit Card,,,343,25,75,293
1587,200,19,2025-02-21 03:21:00,Delivered,Debit Card,53,2,1538,20,30,1528
1588,207,11,2025-06-01 14:51:00,Delivered,Credit Card,27,2,916,30,50,896
1589,143,25,2025-09-03 23:44:00,Cancelled,UPI,,,302,35,75,262
1590,33,35,2025-07-19 23:04:00,Delivered,Debit Card,64,3,1167,35,0,1202
1591,128,55,2025-12-26 18:24:00,Cancelled,Debit Card,,,297,35,0,332
1592,274,25,2025-01-09 04:23:00,Delivered,Cash,18,4,1340,25,0,1365
1593,203,19,2025-05-03 13:53:00,Delivered,UPI,26,,886,20,30,876
1594,280,54,2025-03-03 00:55:00,Delivered,UPI,55,2,1602,20,0,1622
1595,187,7,2025-01-12 19:16:00,Delivered,Credit Card,47,,1310,25,20,1315
1596,22,47,2025-11-16 22:34:00,Delivered,Credit Card,47,4,1280,40,0,1320
1597,23,55,2025-05-27 23:35:00,Rejected,Debit Card,,,1746,20,30,1736
1598,9,57,2025-10-15 03:45:00,Delivered,Cash,40,5,966,30,20,976
1599,208,20,2025-03-27 19:50:00,Delivered,Credit Card,25,4,1458,35,20,1473
1600,7,31,2025-07-29 03:51:00,Delivered,Credit Card,37,1,2479,25,75,2429
1601,216,39,2025-01-09 04:12:00,Delivered,UPI,41,1,530,20,0,550
1602,226,47,2025-12-14 23:40:00,Cancelled,Cash,,,771,30,30,771
1603,226,47,2025-07-11 04:11:00,Delivered,UPI,31,3,1033,35,0,1068
1604,188,23,2025-02-19 21:51:00,Delivered,Cash,55,4,969,40,50,959
1605,295,48,2025-07-23 13:47:00,Cancelled,Cash,,,430,35,0,465
1606,284,31,2025-04-10 10:45:00,Delivered,Debit Card,58,4,2366,20,75,2311
1607,96,31,2025-12-22 15:54:00,Delivered,UPI,52,1,428,20,30,418
1608,185,34,2025-09-08 07:13:00,Delivered,Credit Card,62,4,348,40,75,313
1609,208,32,2025-05-13 01:11:00,Delivered,Credit Card,38,2,1662,25,0,1687
1610,85,42,2025-08-31 07:39:00,Cancelled,Credit Card,,,915,25,0,940
1611,70,4,2025-12-18 05:01:00,Delivered,Debit Card,62,,432,25,0,457
1612,90,48,2025-05-23 09:08:00,Delivered,Debit Card,49,5,1488,35,0,1523
1613,165,3,2025-06-18 08:44:00,Delivered,Cash,21,,2352,40,30,2362
1614,36,47,2025-10-10 07:07:00,Delivered,Cash,36,,262,35,50,247
1615,78,18,2025-09-10 14:29:00,Delivered,Credit Card,22,5,1090,30,50,1070
1616,245,11,2025-08-15 00:13:00,Delivered,UPI,33,1,1374,30,0,1404
1617,148,1,2025-01-20 20:30:00,Delivered,Debit Card,64,4,760,40,0,800
1618,220,37,2025-08-04 04:23:00,Delivered,UPI,45,,342,35,0,377
1619,261,55,2025-11-21 12:56:00,Cancelled,Debit Card,,,1857,30,0,1887
1620,249,57,2025-10-28 06:06:00,Delivered,Credit Card,55,5,2418,40,20,2438
1621,18,56,2025-11-14 10:52:00,Delivered,Debit Card,56,2,536,30,0,566
1622,66,21,2025-04-24 18:16:00,Cancelled,UPI,,,270,40,30,280
1623,274,58,2025-02-08 21:55:00,Cancelled,Debit Card,,,848,20,50,818
1624,38,47,2025-12-17 14:27:00,Delivered,Credit Card,26,,1033,25,0,1058
1625,204,30,2025-08-25 23:32:00,Delivered,UPI,50,,492,35,30,497
1626,280,58,2025-09-05 01:21:00,Delivered,Debit Card,22,1,1842,30,30,1842
1627,190,19,2025-06-06 14:47:00,Rejected,Debit Card,,,1981,35,30,1986
1628,138,56,2025-07-18 06:56:00,Delivered,Credit Card,18,,1062,20,75,1007
1629,279,2,2025-10-21 04:26:00,Delivered,Cash,26,4,2276,40,20,2296
1630,143,28,2025-09-13 21:59:00,Delivered,Cash,38,3,801,35,20,816
1631,141,2,2025-01-04 01:24:00,Delivered,Debit Card,51,,1692,30,0,1722
1632,213,59,2025-06-30 08:20:00,Delivered,Credit Card,34,,1241,25,75,1191
1633,104,23,2025-09-28 13:58:00,Delivered,Cash,19,2,1934,35,0,1969
1634,126,19,2025-04-10 01:56:00,Delivered,Debit Card,27,,1694,30,50,1674
1635,25,27,2025-11-10 23:34:00,Delivered,Debit Card,65,3,972,20,75,917
1636,244,46,2025-09-06 18:56:00,Delivered,Debit Card,39,,1260,40,0,1300
1637,270,10,2025-06-02 10:58:00,Delivered,Credit Card,40,,978,40,0,1018
1638,256,30,2025-11-24 07:36:00,Delivered,UPI,39,5,1476,35,0,1511
1639,87,47,2025-05-19 04:41:00,Delivered,UPI,32,,1280,40,75,1245
1640,9,40,2025-04-08 09:09:00,Delivered,UPI,54,,1679,35,0,1714
1641,188,15,2025-12-03 09:04:00,Delivered,Cash,65,5,495,40,30,505
1642,67,56,2025-06-13 20:33:00,Delivered,Debit Card,24,2,397,35,0,432
1643,185,53,2025-10-08 12:45:00,Delivered,Debit Card,28,4,901,20,20,901
1644,207,18,2025-10-30 06:42:00,Rejected,UPI,,,2053,40,0,2093
1645,151,7,2025-07-15 11:52:00,Delivered,Debit Card,44,5,128,25,0,153
1646,236,7,2025-04-23 20:30:00,Delivered,UPI,27,,384,40,0,424
1647,19,39,2025-06-11 08:55:00,Delivered,Cash,21,5,2354,30,0,2384
1648,228,47,2025-09-12 10:20:00,Delivered,UPI,52,1,1033,30,30,1033
1649,34,41,2025-09-10 19:03:00,Delivered,Debit Card,41,5,706,40,0,746
1650,282,52,2025-08-15 13:13:00,Delivered,Credit Card,19,4,182,40,20,202
1651,56,26,2025-02-28 20:50:00,Delivered,UPI,58,,289,40,50,279
1652,277,27,2025-11-26 12:54:00,Delivered,UPI,50,,324,35,20,339
1653,19,16,2025-01-25 14:37:00,Delivered,Cash,27,2,2513,40,50,2503
1654,224,53,2025-06-05 19:57:00,Delivered,UPI,33,1,1594,40,20,1614
1655,266,29,2025-04-08 10:22:00,Delivered,UPI,49,1,374,30,0,404
1656,175,30,2025-01-22 21:54:00,Delivered,Cash,61,,2150,40,30,2160
1657,114,45,2025-05-21 22:52:00,Delivered,UPI,37,5,510,30,0,540
1658,158,47,2025-01-27 20:58:00,Delivered,Credit Card,32,,1265,35,0,1300
1659,167,53,2025-07-21 17:38:00,Delivered,UPI,55,4,1663,30,75,1618
1660,137,28,2025-08-07 16:18:00,Delivered,Cash,54,,586,35,0,621
1661,12,47,2025-08-10 06:08:00,Delivered,Cash,31,,524,40,20,544
1662,188,42,2025-12-28 05:38:00,Cancelled,Credit Card,,,1531,40,75,1496
1663,107,47,2025-03-11 18:53:00,Delivered,Debit Card,63,2,262,30,0,292
1664,193,41,2025-02-05 17:22:00,Delivered,Debit Card,52,4,492,30,75,447
1665,197,51,2025-08-30 22:16:00,Delivered,UPI,40,,1664,30,50,1644
1666,59,38,2025-02-02 14:00:00,Delivered,Credit Card,28,1,909,30,75,864
1667,141,37,2025-07-17 22:56:00,Delivered,Debit Card,53,4,1122,40,75,1087
1668,65,59,2025-05-28 21:40:00,Rejected,Credit Card,,,1050,30,50,1030
1669,16,47,2025-12-29 05:07:00,Delivered,Credit Card,44,4,494,35,20,509
1670,40,24,2025-03-13 10:47:00,Delivered,Credit Card,35,1,138,25,0,163
1671,279,2,2025-02-07 06:46:00,Delivered,Cash,53,4,1292,35,30,1297
1672,37,33,2025-03-18 20:19:00,Delivered,Cash,25,1,287,30,0,317
1673,235,22,2025-07-22 11:27:00,Cancelled,Credit Card,,,985,25,20,990
1674,66,38,2025-04-22 02:36:00,Delivered,Debit Card,65,,1801,25,20,1806
1675,225,34,2025-05-15 02:19:00,Delivered,UPI,31,,1900,30,0,1930
1676,107,47,2025-05-28 21:16:00,Delivered,Cash,48,5,524,35,75,484
1677,124,9,2025-02-03 08:59:00,Delivered,Cash,64,,900,35,0,935
1678,298,9,2025-03-18 11:05:00,Delivered,Cash,51,5,1334,20,0,1354
1679,8,54,2025-06-14 09:15:00,Delivered,Cash,45,2,1407,20,0,1427
1680,52,30,2025-12-23 17:30:00,Rejected,UPI,,,1321,20,0,1341
1681,118,34,2025-09-04 17:26:00,Delivered,UPI,18,5,428,20,30,418
1682,208,57,2025-09-26 10:27:00,Delivered,Debit Card,47,,2417,25,0,2442
1683,37,33,2025-05-15 05:45:00,Delivered,UPI,43,2,287,40,20,307
1684,172,55,2025-12-23 00:43:00,Delivered,Credit Card,28,1,483,20,20,483
1685,210,19,2025-01-19 03:20:00,Delivered,Debit Card,65,2,730,35,0,765
1686,106,47,2025-03-07 04:54:00,Delivered,UPI,20,,262,25,0,287
1687,191,36,2025-03-13 20:01:00,Delivered,UPI,22,2,915,20,0,935
1688,117,30,2025-03-31 11:11:00,Delivered,UPI,31,5,1995,30,0,2025
1689,111,8,2025-04-06 16:25:00,Delivered,Debit Card,57,1,807,40,20,827
1690,220,9,2025-05-18 05:47:00,Delivered,Debit Card,33,4,2202,40,50,2192
1691,185,4,2025-11-15 15:53:00,Delivered,Cash,23,2,834,20,0,854
1692,250,59,2025-03-22 11:50:00,Delivered,UPI,57,,1432,30,0,1462
1693,128,59,2025-10-25 22:23:00,Delivered,Cash,35,,1098,30,0,1128
1694,288,56,2025-12-24 22:44:00,Cancelled,Credit Card,,,1062,35,20,1077
1695,78,35,2025-02-22 10:30:00,Delivered,Cash,59,4,946,30,0,976
1696,147,43,2025-10-08 10:32:00,Delivered,Credit Card,60,4,1287,40,0,1327
1697,152,60,2025-08-29 18:40:00,Delivered,UPI,44,2,266,40,50,256
1698,101,53,2025-08-25 02:01:00,Delivered,Cash,31,4,1455,25,75,1405
1699,3,15,2025-05-21 17:39:00,Delivered,Cash,53,,990,30,30,990
1700,107,47,2025-03-09 03:18:00,Delivered,Credit Card,55,,1280,30,75,1235
1701,74,49,2025-11-21 05:24:00,Delivered,Debit Card,40,,954,20,20,954
1702,72,56,2025-10-29 20:57:00,Delivered,Credit Card,43,,1201,35,50,1186
1703,197,30,2025-05-30 18:29:00,Delivered,Cash,46,,1011,40,0,1051
1704,112,8,2025-04-23 19:07:00,Delivered,Cash,24,5,386,25,30,381
1705,140,24,2025-02-11 06:14:00,Delivered,Debit Card,31,4,919,30,0,949
1706,289,47,2025-02-15 23:03:00,Cancelled,Cash,,,756,40,0,796
1707,54,34,2025-01-06 09:37:00,Delivered,UPI,19,3,348,40,30,358
1708,214,36,2025-03-02 12:58:00,Delivered,UPI,65,,282,25,0,307
1709,103,47,2025-09-14 23:59:00,Delivered,Debit Card,27,,247,20,20,247
1710,32,42,2025-10-17 21:06:00,Delivered,UPI,31,,1224,20,75,1169
1711,45,40,2025-03-01 06:56:00,Delivered,UPI,55,1,862,20,0,882
1712,267,48,2025-12-02 02:18:00,Delivered,Credit Card,52,3,1703,40,0,1743
1713,224,34,2025-09-19 11:31:00,Delivered,Cash,30,2,1044,35,0,1079
1714,57,59,2025-03-04 18:18:00,Delivered,Credit Card,25,1,525,30,0,555
1715,170,3,2025-07-30 19:42:00,Delivered,Credit Card,42,5,1301,25,75,1251
1716,255,12,2025-02-08 00:08:00,Delivered,Debit Card,49,,426,40,30,436
1717,142,47,2025-08-07 12:38:00,Delivered,Credit Card,21,1,1280,35,0,1315
1718,188,28,2025-09-16 09:56:00,Delivered,Credit Card,46,1,801,30,20,811
1719,188,10,2025-05-13 12:55:00,Delivered,UPI,60,3,763,40,50,753
1720,216,20,2025-05-14 01:50:00,Delivered,Cash,24,,972,40,30,982
1721,31,57,2025-05-20 03:31:00,Delivered,Credit Card,18,2,484,30,75,439
1722,83,20,2025-04-28 04:35:00,Delivered,Credit Card,53,1,942,25,0,967
1723,153,14,2025-01-01 08:05:00,Delivered,Debit Card,46,1,154,20,0,174
1724,178,58,2025-01-16 10:12:00,Delivered,Cash,27,5,760,30,0,790
1725,185,34,2025-10-12 01:38:00,Delivered,Credit Card,19,5,348,30,0,378
1726,148,51,2025-12-31 10:15:00,Delivered,Debit Card,26,,532,35,30,537
1727,210,51,2025-08-21 09:46:00,Cancelled,Credit Card,,,433,40,50,423
1728,285,49,2025-04-25 00:24:00,Delivered,Debit Card,49,,636,40,30,646
1729,60,7,2025-02-19 07:52:00,Delivered,Cash,34,,384,40,0,424
1730,164,22,2025-10-10 10:22:00,Cancelled,Debit Card,,,984,20,75,929
1731,215,60,2025-08-09 18:40:00,Delivered,Debit Card,40,,1045,20,20,1045
1732,170,34,2025-08-24 07:14:00,Delivered,Debit Card,41,1,856,25,20,861
1733,213,24,2025-04-25 13:42:00,Delivered,Debit Card,55,,276,25,50,251
1734,11,48,2025-05-24 06:30:00,Delivered,Credit Card,58,4,1422,25,0,1447
1735,5,47,2025-12-12 05:15:00,Delivered,Debit Card,29,5,524,20,20,524
1736,65,55,2025-02-26 23:21:00,Delivered,Cash,56,5,1857,20,20,1857
1737,90,40,2025-10-16 12:00:00,Delivered,Credit Card,41,2,579,25,30,574
1738,174,49,2025-05-30 11:11:00,Cancelled,UPI,,,725,30,0,755
1739,72,56,2025-08-11 12:11:00,Cancelled,UPI,,,1330,25,30,1325
1740,72,20,2025-01-14 09:05:00,Delivered,Credit Card,25,2,972,40,0,1012
1741,244,3,2025-07-22 07:08:00,Delivered,UPI,31,2,1034,40,75,999
1742,184,3,2025-04-05 04:02:00,Delivered,UPI,24,2,801,25,20,806
1743,250,24,2025-11-06 01:00:00,Delivered,UPI,29,3,643,30,20,653
1744,144,40,2025-02-02 16:47:00,Delivered,Debit Card,18,,193,30,75,148
1745,177,53,2025-04-22 04:47:00,Delivered,Cash,59,4,970,35,0,1005
1746,226,47,2025-05-06 14:00:00,Delivered,UPI,57,3,262,35,20,277
1747,220,36,2025-12-31 13:21:00,Delivered,Credit Card,60,4,141,40,0,181
1748,284,16,2025-12-25 20:20:00,Delivered,UPI,44,5,496,25,0,521
1749,59,38,2025-09-02 20:35:00,Delivered,Cash,19,4,909,25,0,934
1750,249,16,2025-10-04 11:37:00,Delivered,Credit Card,42,,1499,20,0,1519
1751,147,18,2025-11-07 09:12:00,Delivered,UPI,65,3,209,20,0,229
1752,74,12,2025-08-12 11:38:00,Delivered,Cash,42,2,1364,40,0,1404
1753,255,36,2025-06-25 18:04:00,Cancelled,Debit Card,,,141,20,0,161
1754,141,2,2025-07-18 11:10:00,Delivered,Cash,36,4,492,25,20,497
1755,94,55,2025-06-11 11:14:00,Rejected,Credit Card,,,1560,40,20,1580
1756,211,12,2025-09-28 14:32:00,Delivered,Cash,28,5,862,35,50,847
1757,71,41,2025-01-03 13:37:00,Delivered,Cash,38,3,552,20,75,497
1758,216,20,2025-08-18 13:45:00,Delivered,Credit Card,65,1,1428,25,0,1453
1759,68,60,2025-02-26 09:27:00,Delivered,Debit Card,18,2,1311,20,0,1331
1760,177,34,2025-10-18 14:54:00,Delivered,Debit Card,25,,776,25,50,751
1761,272,26,2025-02-17 09:28:00,Delivered,Credit Card,33,2,518,20,50,488
1762,203,19,2025-07-24 23:28:00,Delivered,Credit Card,44,2,808,25,75,758
1763,78,11,2025-01-26 23:43:00,Delivered,Debit Card,26,3,304,35,75,264
1764,232,53,2025-10-23 12:01:00,Cancelled,Credit Card,,,1663,35,0,1698
1765,172,55,2025-11-07 09:57:00,Delivered,Credit Card,19,3,780,25,0,805
1766,190,51,2025-02-17 18:59:00,Delivered,UPI,59,,433,30,0,463
1767,201,47,2025-09-01 11:50:00,Cancelled,UPI,,,786,40,30,796
1768,19,32,2025-05-11 20:04:00,Delivered,UPI,35,3,1094,25,75,1044
1769,170,4,2025-09-25 20:41:00,Delivered,Credit Card,48,3,614,20,0,634
1770,207,50,2025-06-12 12:18:00,Delivered,Cash,46,1,516,35,75,476
1771,53,36,2025-11-07 16:44:00,Delivered,Credit Card,48,4,282,40,20,302
1772,218,50,2025-08-05 03:05:00,Delivered,Cash,42,5,516,35,0,551
1773,244,3,2025-06-14 00:21:00,Rejected,Credit Card,,,1835,40,0,1875
1774,179,19,2025-06-17 14:45:00,Delivered,Debit Card,33,2,730,25,20,735
1775,205,7,2025-02-18 14:57:00,Delivered,Cash,39,1,1438,35,30,1443
1776,107,47,2025-04-14 00:09:00,Delivered,Debit Card,31,4,494,35,30,499
1777,287,29,2025-05-11 10:04:00,Delivered,UPI,28,5,682,20,75,627
1778,279,37,2025-04-08 00:34:00,Cancelled,Cash,,,1026,35,75,986
1779,115,27,2025-03-27 15:50:00,Delivered,Cash,65,,1029,30,0,1059
1780,164,4,2025-12-21 23:30:00,Delivered,Cash,30,5,364,20,0,384
1781,38,47,2025-03-14 22:54:00,Delivered,Credit Card,36,4,524,35,75,484
1782,229,19,2025-02-18 19:53:00,Cancelled,Cash,,,443,35,0,478
1783,223,28,2025-07-24 12:49:00,Delivered,Debit Card,20,4,586,30,0,616
1784,9,56,2025-07-07 04:10:00,Cancelled,Debit Card,,,804,30,0,834
1785,235,46,2025-04-13 22:11:00,Delivered,UPI,55,3,614,20,0,634
1786,146,40,2025-12-10 07:26:00,Delivered,UPI,39,5,386,20,50,356
1787,50,10,2025-02-05 12:45:00,Delivered,Credit Card,44,5,666,30,30,666
1788,293,26,2025-12-09 08:54:00,Delivered,Debit Card,56,5,578,30,30,578
1789,257,31,2025-07-03 15:57:00,Delivered,Credit Card,24,4,1397,40,20,1417
1790,199,47,2025-12-14 07:51:00,Delivered,Credit Card,23,,1018,25,75,968
1791,266,18,2025-06-08 12:34:00,Delivered,Credit Card,64,2,1844,25,0,1869
1792,280,38,2025-12-07 01:05:00,Delivered,Cash,19,5,892,25,75,842
1793,74,37,2025-02-28 12:41:00,Delivered,UPI,59,2,520,25,20,525
1794,103,47,2025-02-15 01:03:00,Delivered,UPI,51,,786,35,30,791
1795,59,10,2025-06-08 17:02:00,Delivered,Credit Card,39,3,645,40,75,610
1796,93,54,2025-12-16 01:39:00,Delivered,UPI,34,4,1537,35,0,1572
1797,274,58,2025-01-13 16:50:00,Delivered,Credit Card,26,4,702,30,75,657
1798,235,53,2025-05-12 14:54:00,Delivered,Debit Card,63,1,1455,40,0,1495
1799,126,1,2025-11-10 13:31:00,Cancelled,Cash,,,1140,20,50,1110
1800,158,47,2025-12-08 13:38:00,Delivered,Cash,64,,524,35,20,539
1801,246,6,2025-09-18 15:30:00,Delivered,Credit Card,60,2,2172,30,0,2202
1802,45,57,2025-07-23 20:10:00,Delivered,Cash,29,2,2418,40,0,2458
1803,292,29,2025-08-18 20:25:00,Delivered,Cash,38,5,616,40,30,626
1804,124,13,2025-10-17 17:06:00,Delivered,Debit Card,57,4,1004,40,75,969
1805,254,43,2025-06-01 00:35:00,Delivered,Debit Card,65,3,408,30,0,438
1806,226,47,2025-07-18 10:30:00,Delivered,Credit Card,54,2,1033,40,20,1053
1807,42,47,2025-06-07 16:27:00,Delivered,Debit Card,20,5,494,40,50,484
1808,93,52,2025-08-17 17:53:00,Cancelled,Debit Card,,,735,25,30,730
1809,101,3,2025-03-05 03:46:00,Delivered,Debit Card,58,5,1301,40,75,1266
1810,12,47,2025-12-05 20:38:00,Delivered,Credit Card,28,2,1527,20,20,1527
1811,87,47,2025-01-07 15:40:00,Delivered,Credit Card,34,,1280,40,20,1300
1812,187,9,2025-08-29 23:40:00,Delivered,UPI,62,,1468,40,0,1508
1813,209,53,2025-09-11 08:03:00,Delivered,Cash,31,3,1386,20,0,1406
1814,195,58,2025-08-08 17:34:00,Delivered,Cash,40,,702,25,75,652
1815,152,50,2025-04-28 21:59:00,Delivered,Cash,58,4,1538,40,0,1578
1816,124,7,2025-01-16 21:51:00,Delivered,Debit Card,51,5,1438,40,30,1448
1817,112,30,2025-11-29 08:19:00,Delivered,Cash,56,5,337,30,0,367
1818,31,33,2025-01-17 19:11:00,Delivered,Cash,47,1,458,30,0,488
1819,101,46,2025-01-24 22:29:00,Delivered,Cash,27,,1890,20,0,1910
1820,288,14,2025-02-02 13:08:00,Delivered,Debit Card,25,2,308,20,50,278
1821,95,47,2025-06-09 06:21:00,Delivered,UPI,26,,1265,30,0,1295
1822,41,15,2025-02-27 04:15:00,Delivered,UPI,35,,912,25,20,917
1823,136,18,2025-10-10 13:53:00,Delivered,Credit Card,60,1,1844,40,50,1834
1824,180,22,2025-05-30 10:05:00,Delivered,Cash,20,,282,20,0,302
1825,245,35,2025-06-26 11:20:00,Delivered,Credit Card,62,1,1514,20,20,1514
1826,234,23,2025-05-07 14:16:00,Delivered,Credit Card,23,4,1720,20,0,1740
1827,218,11,2025-09-21 08:33:00,Delivered,Cash,43,5,462,25,0,487
1828,221,26,2025-01-11 07:59:00,Delivered,Debit Card,22,4,518,20,50,488
1829,169,30,2025-11-12 18:34:00,Delivered,Credit Card,61,4,829,30,75,784
1830,118,46,2025-10-12 16:02:00,Delivered,Debit Card,23,2,614,40,75,579
1831,125,47,2025-06-02 11:02:00,Delivered,Credit Card,53,2,524,25,20,529
1832,186,51,2025-07-09 14:24:00,Delivered,UPI,25,3,798,30,0,828
1833,44,47,2025-11-28 09:15:00,Delivered,Debit Card,32,,786,25,50,761
1834,300,37,2025-09-05 03:43:00,Delivered,Debit Card,19,5,780,25,20,785
1835,174,6,2025-08-20 06:54:00,Delivered,UPI,45,5,528,40,20,548
1836,118,46,2025-03-21 05:06:00,Delivered,Credit Card,43,1,1583,35,75,1543
1837,248,16,2025-01-14 11:08:00,Delivered,Cash,49,3,1003,30,0,1033
1838,163,11,2025-01-06 05:00:00,Delivered,Cash,65,,462,40,0,502
1839,110,55,2025-11-23 11:56:00,Delivered,Debit Card,50,4,891,20,0,911
1840,5,47,2025-05-20 13:43:00,Delivered,Debit Card,37,5,524,40,30,534
1841,50,10,2025-02-08 07:53:00,Delivered,Credit Card,46,1,763,35,0,798
1842,52,27,2025-06-08 05:09:00,Delivered,Credit Card,52,2,1315,25,50,1290
1843,40,59,2025-09-25 03:46:00,Delivered,Cash,32,1,1575,35,0,1610
1844,195,54,2025-01-07 14:47:00,Delivered,Debit Card,59,4,534,20,0,554
1845,67,16,2025-05-12 22:45:00,Delivered,UPI,48,,1510,40,0,1550
1846,15,53,2025-12-10 17:53:00,Delivered,UPI,29,1,1109,40,0,1149
1847,156,8,2025-05-13 11:26:00,Delivered,Credit Card,57,3,924,35,0,959
1848,121,40,2025-08-17 23:43:00,Delivered,Cash,27,,862,20,0,882
1849,206,43,2025-08-14 17:14:00,Cancelled,Debit Card,,,994,25,30,989
1850,269,42,2025-05-27 01:10:00,Delivered,Credit Card,61,3,1224,35,0,1259
1851,254,43,2025-04-15 23:13:00,Delivered,UPI,22,,1423,20,0,1443
1852,96,32,2025-09-19 07:07:00,Delivered,Cash,31,,824,35,0,859
1853,194,46,2025-10-17 12:37:00,Delivered,Cash,19,5,307,30,30,307
1854,113,40,2025-12-16 19:58:00,Delivered,Cash,64,1,1872,20,50,1842
1855,86,47,2025-01-30 12:21:00,Delivered,Debit Card,22,3,741,25,30,736
1856,49,1,2025-10-06 14:10:00,Delivered,Credit Card,35,5,129,40,0,169
1857,229,30,2025-10-26 12:41:00,Delivered,Cash,39,5,2487,35,30,2492
1858,30,55,2025-03-24 04:06:00,Delivered,UPI,35,4,2340,20,30,2330
1859,274,58,2025-02-22 00:27:00,Delivered,Credit Card,58,,994,25,75,944
1860,49,5,2025-11-02 14:23:00,Delivered,Cash,29,,2393,40,20,2413
1861,112,19,2025-10-15 16:04:00,Delivered,Credit Card,51,,1329,25,50,1304
1862,25,1,2025-04-17 20:52:00,Delivered,UPI,45,,631,25,75,581
1863,100,34,2025-03-03 07:04:00,Delivered,Debit Card,35,1,1980,25,30,1975
1864,183,25,2025-07-10 16:49:00,Delivered,Credit Card,39,2,604,30,50,584
1865,112,27,2025-11-20 04:09:00,Cancelled,Debit Card,,,648,20,75,593
1866,95,47,2025-10-13 02:40:00,Delivered,Debit Card,49,,786,25,50,761
1867,97,34,2025-01-20 03:44:00,Delivered,Credit Card,54,3,2328,30,0,2358
1868,120,17,2025-06-10 12:13:00,Delivered,Credit Card,18,,1042,40,20,1062
1869,157,28,2025-10-24 17:29:00,Delivered,Debit Card,64,5,586,35,50,571
1870,97,22,2025-11-30 02:26:00,Delivered,UPI,22,,281,35,20,296
1871,15,34,2025-12-21 04:07:00,Delivered,Credit Card,63,1,428,25,50,403
1872,88,12,2025-02-18 22:39:00,Delivered,Credit Card,21,2,720,30,0,750
1873,8,15,2025-10-06 03:41:00,Delivered,Debit Card,35,5,1863,30,0,1893
1874,189,24,2025-12-24 19:19:00,Delivered,Debit Card,62,,414,40,20,434
1875,34,41,2025-08-02 08:00:00,Delivered,Debit Card,24,3,184,35,0,219
1876,164,22,2025-11-22 04:19:00,Delivered,UPI,61,1,281,20,0,301
1877,103,47,2025-07-16 10:39:00,Delivered,Credit Card,20,2,494,35,20,509
1878,299,53,2025-08-05 19:11:00,Delivered,Debit Card,32,4,485,20,50,455
1879,278,23,2025-11-08 21:01:00,Delivered,Credit Card,37,2,2257,25,30,2252
1880,97,22,2025-07-29 06:12:00,Delivered,Credit Card,33,4,1125,30,50,1105
1881,20,27,2025-08-11 11:51:00,Delivered,Debit Card,33,,972,25,30,967
1882,169,8,2025-01-11 14:17:00,Delivered,UPI,54,,807,30,20,817
1883,5,47,2025-10-19 13:51:00,Cancelled,Cash,,,1280,20,75,1225
1884,241,39,2025-06-18 01:16:00,Delivered,Credit Card,18,5,2736,35,0,2771
1885,141,12,2025-11-09 20:25:00,Delivered,Cash,45,5,1364,20,20,1364
1886,12,47,2025-10-27 01:05:00,Delivered,Cash,23,2,1018,35,75,978
1887,184,34,2025-08-10 23:20:00,Delivered,Debit Card,22,5,1552,30,0,1582
1888,289,47,2025-04-15 09:44:00,Delivered,Debit Card,57,,1018,20,50,988
1889,172,59,2025-07-29 22:36:00,Delivered,Credit Card,49,1,191,40,20,211
1890,37,40,2025-12-26 17:37:00,Delivered,Debit Card,46,1,431,25,30,426
1891,166,59,2025-08-08 23:11:00,Delivered,Debit Card,50,,191,40,50,181
1892,148,27,2025-05-06 23:26:00,Delivered,UPI,60,3,1353,20,75,1298
1893,41,21,2025-08-13 17:36:00,Delivered,Debit Card,23,,540,40,75,505
1894,189,26,2025-12-29 15:29:00,Delivered,Cash,48,2,548,25,50,523
1895,217,5,2025-05-10 09:43:00,Delivered,Debit Card,43,5,2025,20,50,1995
1896,78,29,2025-04-24 11:28:00,Delivered,UPI,48,1,1364,30,75,1319
1897,183,42,2025-08-25 13:11:00,Delivered,Credit Card,42,4,1836,40,30,1846
1898,251,42,2025-05-16 15:49:00,Delivered,Debit Card,61,2,1529,25,20,1534
1899,236,12,2025-01-15 07:30:00,Delivered,Cash,53,1,1004,35,0,1039
1900,42,47,2025-11-02 14:22:00,Delivered,UPI,22,4,262,40,30,272
1901,30,24,2025-11-26 22:02:00,Delivered,Debit Card,65,4,1929,25,0,1954
1902,149,53,2025-05-15 10:15:00,Delivered,Debit Card,59,3,485,25,75,435
1903,67,39,2025-08-09 01:40:00,Delivered,UPI,20,1,382,25,75,332
1904,158,47,2025-08-04 02:05:00,Delivered,Cash,38,,786,30,30,786
1905,111,30,2025-08-18 08:25:00,Delivered,Debit Card,64,4,2150,20,0,2170
1906,237,59,2025-07-24 21:41:00,Delivered,Cash,53,,573,25,0,598
1907,207,41,2025-11-04 18:23:00,Delivered,UPI,35,2,552,25,30,547
1908,96,40,2025-08-05 09:54:00,Delivered,Debit Card,48,5,1055,20,0,1075
1909,35,9,2025-02-15 17:24:00,Delivered,Debit Card,49,2,868,35,50,853
1910,257,33,2025-03-27 08:29:00,Delivered,Debit Card,26,3,1319,25,50,1294
1911,116,46,2025-09-04 20:14:00,Delivered,UPI,52,,1260,30,0,1290
1912,105,16,2025-04-15 11:04:00,Delivered,Credit Card,18,5,2006,40,75,1971
1913,41,28,2025-04-18 19:59:00,Delivered,Debit Card,58,1,1524,20,75,1469
1914,296,52,2025-06-05 22:56:00,Delivered,UPI,28,,749,35,20,764
1915,177,46,2025-04-02 06:34:00,Delivered,UPI,55,5,921,20,0,941
1916,273,15,2025-05-13 12:12:00,Delivered,Credit Card,37,,1368,35,50,1353
1917,124,2,2025-10-28 23:59:00,Delivered,UPI,50,4,492,20,0,512
1918,206,17,2025-04-11 07:05:00,Delivered,Debit Card,41,1,300,20,0,320
1919,31,32,2025-06-01 00:28:00,Delivered,UPI,60,1,1392,30,20,1402
1920,209,53,2025-12-29 13:15:00,Delivered,Debit Card,38,,2079,20,0,2099
1921,209,46,2025-11-03 08:21:00,Delivered,Cash,37,5,614,20,50,584
1922,196,36,2025-12-20 19:05:00,Delivered,Credit Card,28,2,1476,25,20,1481
1923,258,20,2025-03-19 21:05:00,Delivered,Cash,40,,1914,35,0,1949
1924,16,47,2025-11-20 08:31:00,Delivered,UPI,65,3,786,30,20,796
1925,67,20,2025-10-10 20:29:00,Delivered,Credit Card,28,1,1762,25,0,1787
1926,98,45,2025-08-26 03:09:00,Delivered,UPI,36,1,2007,35,0,2042
1927,195,10,2025-05-28 17:01:00,Delivered,Credit Card,34,3,1096,40,0,1136
1928,22,47,2025-05-12 02:40:00,Delivered,Debit Card,45,3,262,35,0,297
1929,182,47,2025-03-10 07:32:00,Delivered,Cash,64,,509,35,50,494
1930,27,34,2025-11-28 04:56:00,Cancelled,UPI,,,1044,25,30,1039
1931,196,2,2025-05-24 15:53:00,Delivered,Cash,23,,1200,20,0,1220
1932,169,1,2025-05-12 16:37:00,Delivered,Debit Card,64,2,1140,20,0,1160
1933,236,49,2025-01-25 11:14:00,Delivered,Credit Card,53,3,814,25,50,789
1934,29,46,2025-06-19 23:14:00,Delivered,Cash,49,5,1260,25,30,1255
1935,86,47,2025-12-06 21:34:00,Delivered,Credit Card,51,,786,25,0,811
1936,126,8,2025-04-18 01:27:00,Cancelled,Debit Card,,,924,35,30,929
1937,10,54,2025-07-24 08:20:00,Delivered,Credit Card,48,,1472,20,0,1492
1938,183,58,2025-04-13 02:30:00,Delivered,Debit Card,61,,1462,35,0,1497
1939,45,57,2025-02-02 22:40:00,Delivered,Cash,61,,966,30,75,921
1940,62,57,2025-03-02 19:39:00,Delivered,Debit Card,39,5,1451,35,0,1486
1941,58,60,2025-07-26 14:33:00,Delivered,Credit Card,64,1,912,40,75,877
1942,95,47,2025-02-26 12:50:00,Delivered,UPI,23,,771,25,0,796
1943,269,25,2025-10-05 23:13:00,Delivered,Credit Card,48,5,1038,20,0,1058
1944,260,10,2025-05-21 00:50:00,Delivered,Debit Card,53,3,645,25,0,670
1945,270,38,2025-07-24 23:31:00,Delivered,Debit Card,38,4,446,40,0,486
1946,202,2,2025-11-11 13:31:00,Delivered,Cash,58,4,1200,30,50,1180
1947,106,47,2025-12-23 09:39:00,Delivered,UPI,56,5,1527,25,75,1477
1948,257,33,2025-01-22 05:05:00,Delivered,Debit Card,38,,287,35,20,302
1949,175,51,2025-06-13 17:08:00,Delivered,Credit Card,42,3,532,35,50,517
1950,263,47,2025-05-28 23:25:00,Delivered,UPI,48,,786,40,0,826
1951,234,42,2025-07-11 11:04:00,Delivered,Debit Card,37,3,305,20,20,305
1952,142,47,2025-09-24 21:48:00,Delivered,Debit Card,60,3,1018,30,30,1018
1953,19,40,2025-01-10 11:20:00,Delivered,Debit Card,59,,431,35,30,436
1954,242,37,2025-02-22 10:55:00,Delivered,Credit Card,27,,1464,25,0,1489
1955,58,41,2025-04-18 11:37:00,Delivered,UPI,21,1,462,30,20,472
1956,233,4,2025-05-28 19:16:00,Delivered,UPI,60,5,652,35,30,657
1957,173,34,2025-05-11 03:14:00,Delivered,Cash,37,5,1472,30,0,1502
1958,122,7,2025-10-02 11:23:00,Delivered,UPI,61,,1044,40,0,1084
1959,210,19,2025-01-23 04:50:00,Cancelled,Debit Card,,,730,25,0,755
1960,110,55,2025-08-16 00:19:00,Delivered,UPI,34,5,1857,40,20,1877
1961,126,8,2025-03-05 17:22:00,Delivered,Debit Card,20,2,1193,20,0,1213
1962,237,24,2025-04-08 19:52:00,Delivered,UPI,22,5,138,35,50,123
1963,19,39,2025-08-24 18:50:00,Delivered,UPI,49,5,1060,20,20,1060
1964,80,47,2025-07-06 18:51:00,Delivered,Cash,46,2,771,30,50,751
1965,183,52,2025-11-01 13:02:00,Delivered,Cash,26,5,189,25,0,214
1966,177,3,2025-04-10 19:00:00,Delivered,Credit Card,21,3,801,30,30,801
1967,117,19,2025-07-27 21:59:00,Delivered,Cash,63,,2059,40,0,2099
1968,101,53,2025-12-08 00:42:00,Delivered,Cash,61,,1663,35,75,1623
1969,13,52,2025-03-31 10:11:00,Cancelled,Cash,,,567,30,50,547
1970,35,7,2025-09-17 16:24:00,Delivered,UPI,23,,394,20,0,414
1971,86,47,2025-03-23 12:05:00,Cancelled,Cash,,,741,30,20,751
1972,164,34,2025-05-16 20:40:00,Delivered,Debit Card,62,3,776,40,0,816
1973,273,58,2025-12-23 10:05:00,Delivered,Cash,30,1,1082,40,0,1122
1974,111,19,2025-08-08 16:19:00,Delivered,Debit Card,49,,808,20,0,828
1975,268,29,2025-04-12 07:20:00,Delivered,UPI,24,4,748,20,0,768
1976,1,52,2025-09-04 12:58:00,Delivered,Cash,20,,567,35,20,582
1977,56,26,2025-08-27 12:09:00,Delivered,Debit Card,18,4,259,20,20,259
1978,76,2,2025-05-25 17:33:00,Delivered,Cash,53,3,1476,25,0,1501
1979,116,53,2025-03-24 12:54:00,Delivered,Debit Card,43,4,2079,20,20,2079
1980,19,33,2025-12-17 07:38:00,Delivered,Cash,34,,1374,20,0,1394
1981,153,20,2025-06-22 21:07:00,Delivered,Cash,61,5,1458,40,0,1498
1982,97,34,2025-10-06 04:37:00,Delivered,UPI,47,1,1472,35,50,1457
1983,71,41,2025-03-29 12:50:00,Delivered,Credit Card,25,1,646,25,75,596
1984,119,29,2025-07-08 17:14:00,Delivered,Debit Card,30,5,748,30,20,758
1985,123,13,2025-02-13 15:19:00,Delivered,Debit Card,42,3,249,20,0,269
1986,25,51,2025-02-15 04:58:00,Delivered,Credit Card,23,3,1664,35,0,1699
1987,253,34,2025-02-11 15:44:00,Delivered,UPI,40,4,428,25,0,453
1988,196,2,2025-06-18 02:25:00,Delivered,Credit Card,58,5,1784,40,0,1824
1989,60,45,2025-08-21 12:29:00,Delivered,Cash,21,3,318,40,75,283
1990,233,53,2025-11-22 21:53:00,Delivered,UPI,58,,208,25,0,233
1991,136,60,2025-08-04 23:53:00,Delivered,Cash,39,,437,30,30,437
1992,144,48,2025-01-23 18:19:00,Delivered,Cash,64,,992,35,0,1027
1993,175,51,2025-05-29 05:30:00,Delivered,Debit Card,55,3,699,20,20,699
1994,295,40,2025-07-20 09:56:00,Delivered,Debit Card,61,,1010,40,75,975
1995,234,21,2025-03-27 12:43:00,Delivered,Debit Card,50,1,810,40,0,850
1996,195,52,2025-06-28 23:26:00,Delivered,Cash,42,,189,25,30,184
1997,68,43,2025-10-08 15:02:00,Delivered,Cash,46,,837,25,30,832
1998,290,59,2025-03-15 12:14:00,Delivered,Credit Card,65,,907,25,0,932
1999,64,4,2025-10-11 19:26:00,Delivered,UPI,44,2,326,25,0,351
2000,74,9,2025-11-12 18:59:00,Delivered,Debit Card,42,4,900,30,50,880
